{
  "score_topk": {
    "gross_mean_daily": 0.005009968848510956,
    "net_mean_daily": 0.004554413292955402,
    "gross_sharpe": 1.1856635061911807,
    "net_sharpe": 1.0754935703908592,
    "net_sortino": 1.947110665502225,
    "net_ann_return": 0.7930396807939029,
    "max_drawdown": -0.13775833476574684,
    "calmar": 5.756745551089028,
    "avg_turnover": 0.30370370370370375,
    "median_turnover": 0.4,
    "avg_holdings": 5.0,
    "final_equity": 1.064560496727289
  },
  "equal_weight_all": {
    "ann_return": -0.7091877737818268,
    "net_sharpe": -2.979558901876468,
    "max_drawdown": -0.48354255673618873,
    "avg_turnover": 0.0,
    "n_days": 117
  },
  "random_topk_mean": {
    "gross_mean_daily": -0.004063612030010888,
    "net_mean_daily": -0.006886945363344224,
    "gross_sharpe": -1.534810745436892,
    "net_sharpe": -2.395419472635973,
    "net_sortino": -3.3572908548202878,
    "net_ann_return": -0.09842934441856802,
    "max_drawdown": -0.29620432183813306,
    "calmar": 1.4913111597288968,
    "avg_turnover": 1.8822222222222225,
    "median_turnover": 2.0,
    "avg_holdings": 5.0,
    "final_equity": 0.8140606254579484
  }
}