{
  "0.0": {
    "top5": {
      "gross_mean_daily": 0.01978646125675807,
      "net_mean_daily": 0.01978646125675807,
      "gross_sharpe": 2.0736396205243657,
      "net_sharpe": 2.0736396205243657,
      "net_sortino": 7.35080164812498,
      "net_ann_return": 20.555000894753842,
      "max_drawdown": -0.5227553920835747,
      "calmar": 39.32049521820776,
      "avg_turnover": 1.193103448275862,
      "median_turnover": 1.2,
      "avg_holdings": 5.0,
      "final_equity": 2.8866330988271556,
      "cost_bps": 0.0,
      "topk": 5
    },
    "top10": {
      "gross_mean_daily": 0.0169446209830197,
      "net_mean_daily": 0.0169446209830197,
      "gross_sharpe": 2.965001078109155,
      "net_sharpe": 2.965001078109155,
      "net_sortino": 7.513891320342793,
      "net_ann_return": 28.376939522735135,
      "max_drawdown": -0.38788743946570947,
      "calmar": 73.15766543446064,
      "avg_turnover": 1.2367816091954025,
      "median_turnover": 1.2000000000000002,
      "avg_holdings": 10.0,
      "final_equity": 3.2122680996221513,
      "cost_bps": 0.0,
      "topk": 10
    }
  },
  "5.0": {
    "top5": {
      "gross_mean_daily": 0.01978646125675807,
      "net_mean_daily": 0.01918990953262014,
      "gross_sharpe": 2.0736396205243657,
      "net_sharpe": 2.011554907021343,
      "net_sortino": 7.074454587768183,
      "net_ann_return": 17.57912979732811,
      "max_drawdown": -0.5304857142037968,
      "calmar": 33.137800560151554,
      "avg_turnover": 1.193103448275862,
      "median_turnover": 1.2,
      "avg_holdings": 5.0,
      "final_equity": 2.742305919563501,
      "cost_bps": 5.0,
      "topk": 5
    },
    "top10": {
      "gross_mean_daily": 0.0169446209830197,
      "net_mean_daily": 0.016326230178422,
      "gross_sharpe": 2.965001078109155,
      "net_sharpe": 2.8568755550169542,
      "net_sortino": 7.231722497534653,
      "net_ann_return": 24.180508268657583,
      "max_drawdown": -0.3971762300168815,
      "calmar": 60.881055917089846,
      "avg_turnover": 1.2367816091954025,
      "median_turnover": 1.2000000000000002,
      "avg_holdings": 10.0,
      "final_equity": 3.0457961723133717,
      "cost_bps": 5.0,
      "topk": 10
    }
  },
  "10.0": {
    "top5": {
      "gross_mean_daily": 0.01978646125675807,
      "net_mean_daily": 0.01859335780848221,
      "gross_sharpe": 2.0736396205243657,
      "net_sharpe": 1.9494355086504442,
      "net_sortino": 6.848156279530327,
      "net_ann_return": 15.012321452552953,
      "max_drawdown": -0.5380966105055383,
      "calmar": 27.89893331314813,
      "avg_turnover": 1.193103448275862,
      "median_turnover": 1.2,
      "avg_holdings": 5.0,
      "final_equity": 2.6050946582958447,
      "cost_bps": 10.0,
      "topk": 5
    },
    "top10": {
      "gross_mean_daily": 0.0169446209830197,
      "net_mean_daily": 0.0157078393738243,
      "gross_sharpe": 2.965001078109155,
      "net_sharpe": 2.7487203939950606,
      "net_sortino": 6.94981758312956,
      "net_ann_return": 20.581105037582482,
      "max_drawdown": -0.40633093894324146,
      "calmar": 50.65109019524284,
      "avg_turnover": 1.2367816091954025,
      "median_turnover": 1.2000000000000002,
      "avg_holdings": 10.0,
      "final_equity": 2.887839521762556,
      "cost_bps": 10.0,
      "topk": 10
    }
  },
  "15.0": {
    "top5": {
      "gross_mean_daily": 0.01978646125675807,
      "net_mean_daily": 0.017996806084344282,
      "gross_sharpe": 2.0736396205243657,
      "net_sharpe": 1.8872821495269938,
      "net_sortino": 6.621940524255652,
      "net_ann_return": 12.798591538479123,
      "max_drawdown": -0.5455898371877875,
      "calmar": 23.458266019809486,
      "avg_turnover": 1.193103448275862,
      "median_turnover": 1.2,
      "avg_holdings": 5.0,
      "final_equity": 2.474653404807686,
      "cost_bps": 15.0,
      "topk": 5
    },
    "top10": {
      "gross_mean_daily": 0.0169446209830197,
      "net_mean_daily": 0.015089448569226603,
      "gross_sharpe": 2.965001078109155,
      "net_sharpe": 2.640538360914541,
      "net_sortino": 6.668220007371555,
      "net_ann_return": 17.494135290254693,
      "max_drawdown": -0.41535340314540015,
      "calmar": 42.11867570539326,
      "avg_turnover": 1.2367816091954025,
      "median_turnover": 1.2000000000000002,
      "avg_holdings": 10.0,
      "final_equity": 2.737968297643802,
      "cost_bps": 15.0,
      "topk": 10
    }
  },
  "25.0": {
    "top5": {
      "gross_mean_daily": 0.01978646125675807,
      "net_mean_daily": 0.01680370263606842,
      "gross_sharpe": 2.0736396205243657,
      "net_sharpe": 1.762876456208513,
      "net_sortino": 6.096893508813377,
      "net_ann_return": 9.243536931253491,
      "max_drawdown": -0.560230184171107,
      "calmar": 16.49953392802878,
      "avg_turnover": 1.193103448275862,
      "median_turnover": 1.2,
      "avg_holdings": 5.0,
      "final_equity": 2.2327793750546765,
      "cost_bps": 25.0,
      "topk": 5
    },
    "top10": {
      "gross_mean_daily": 0.0169446209830197,
      "net_mean_daily": 0.013852666960031195,
      "gross_sharpe": 2.965001078109155,
      "net_sharpe": 2.424104753337428,
      "net_sortino": 5.98427806761341,
      "net_ann_return": 12.577128131812506,
      "max_drawdown": -0.43300882614441516,
      "calmar": 29.045893229873318,
      "avg_turnover": 1.2367816091954025,
      "median_turnover": 1.2000000000000002,
      "avg_holdings": 10.0,
      "final_equity": 2.4608687278836037,
      "cost_bps": 25.0,
      "topk": 10
    }
  },
  "50.0": {
    "top5": {
      "gross_mean_daily": 0.01978646125675807,
      "net_mean_daily": 0.01382094401537876,
      "gross_sharpe": 2.0736396205243657,
      "net_sharpe": 1.4513190021612195,
      "net_sortino": 4.996746882653888,
      "net_ann_return": 3.854382146492771,
      "max_drawdown": -0.5948901252696035,
      "calmar": 6.4791496492558025,
      "avg_turnover": 1.193103448275862,
      "median_turnover": 1.2,
      "avg_holdings": 5.0,
      "final_equity": 1.72535943088293,
      "cost_bps": 50.0,
      "topk": 5
    },
    "top10": {
      "gross_mean_daily": 0.0169446209830197,
      "net_mean_daily": 0.010760712937042689,
      "gross_sharpe": 2.965001078109155,
      "net_sharpe": 1.8827444440024836,
      "net_sortino": 4.527653561255129,
      "net_ann_return": 5.257235780872387,
      "max_drawdown": -0.4749571694301964,
      "calmar": 11.068862876979827,
      "avg_turnover": 1.2367816091954025,
      "median_turnover": 1.2000000000000002,
      "avg_holdings": 10.0,
      "final_equity": 1.8833957423619054,
      "cost_bps": 50.0,
      "topk": 10
    }
  }
}