{
  "0.0": {
    "top5": {
      "gross_mean_daily": 0.03748196249005392,
      "net_mean_daily": 0.03748196249005392,
      "gross_sharpe": 3.9250724313669423,
      "net_sharpe": 3.9250724313669423,
      "net_sortino": 11.618521496272665,
      "net_ann_return": 1409.4284960521968,
      "max_drawdown": -0.24255697968948509,
      "calmar": 5810.710942437931,
      "avg_turnover": 1.0045977011494251,
      "median_turnover": 0.8,
      "avg_holdings": 5.0,
      "final_equity": 12.22576281256732,
      "cost_bps": 0.0,
      "topk": 5
    },
    "top10": {
      "gross_mean_daily": 0.027504397322407954,
      "net_mean_daily": 0.027504397322407954,
      "gross_sharpe": 5.103127894587016,
      "net_sharpe": 5.103127894587016,
      "net_sortino": 14.3600701590089,
      "net_ann_return": 425.9547217465587,
      "max_drawdown": -0.2007123285250666,
      "calmar": 2122.215037185619,
      "avg_turnover": 0.9931034482758622,
      "median_turnover": 1.0,
      "avg_holdings": 10.0,
      "final_equity": 8.092971473533298,
      "cost_bps": 0.0,
      "topk": 10
    }
  },
  "5.0": {
    "top5": {
      "gross_mean_daily": 0.03748196249005392,
      "net_mean_daily": 0.03697966363947921,
      "gross_sharpe": 3.9250724313669423,
      "net_sharpe": 3.8730837224784582,
      "net_sortino": 11.463473115162309,
      "net_ann_return": 1246.0484063557508,
      "max_drawdown": -0.2453778081987822,
      "calmar": 5078.081084419992,
      "avg_turnover": 1.0045977011494251,
      "median_turnover": 0.8,
      "avg_holdings": 5.0,
      "final_equity": 11.717011538802687,
      "cost_bps": 5.0,
      "topk": 5
    },
    "top10": {
      "gross_mean_daily": 0.027504397322407954,
      "net_mean_daily": 0.027007845598270016,
      "gross_sharpe": 5.103127894587016,
      "net_sharpe": 5.011612514423968,
      "net_sortino": 14.087515376717029,
      "net_ann_return": 376.8083706684728,
      "max_drawdown": -0.20387160040682462,
      "calmar": 1848.2631711072338,
      "avg_turnover": 0.9931034482758622,
      "median_turnover": 1.0,
      "avg_holdings": 10.0,
      "final_equity": 7.758402911705182,
      "cost_bps": 5.0,
      "topk": 10
    }
  },
  "10.0": {
    "top5": {
      "gross_mean_daily": 0.03748196249005392,
      "net_mean_daily": 0.03647736478890449,
      "gross_sharpe": 3.9250724313669423,
      "net_sharpe": 3.821072759348966,
      "net_sortino": 11.3082816336077,
      "net_ann_return": 1101.5180465835945,
      "max_drawdown": -0.2481896175412559,
      "calmar": 4438.211628236439,
      "avg_turnover": 1.0045977011494251,
      "median_turnover": 0.8,
      "avg_holdings": 5.0,
      "final_equity": 11.229164562942234,
      "cost_bps": 10.0,
      "topk": 5
    },
    "top10": {
      "gross_mean_daily": 0.027504397322407954,
      "net_mean_daily": 0.026511293874132084,
      "gross_sharpe": 5.103127894587016,
      "net_sharpe": 4.920047806813416,
      "net_sortino": 13.814953091227276,
      "net_ann_return": 333.2960761236864,
      "max_drawdown": -0.2070206160877297,
      "calmar": 1609.9656276785238,
      "avg_turnover": 0.9931034482758622,
      "median_turnover": 1.0,
      "avg_holdings": 10.0,
      "final_equity": 7.437487946303473,
      "cost_bps": 10.0,
      "topk": 10
    }
  },
  "15.0": {
    "top5": {
      "gross_mean_daily": 0.03748196249005392,
      "net_mean_daily": 0.035975065938329776,
      "gross_sharpe": 3.9250724313669423,
      "net_sharpe": 3.769039767036027,
      "net_sortino": 11.152952180008798,
      "net_ann_return": 973.671400812428,
      "max_drawdown": -0.2509924319757014,
      "calmar": 3879.2858937787014,
      "avg_turnover": 1.0045977011494251,
      "median_turnover": 0.8,
      "avg_holdings": 5.0,
      "final_equity": 10.761373870001018,
      "cost_bps": 15.0,
      "topk": 5
    },
    "top10": {
      "gross_mean_daily": 0.027504397322407954,
      "net_mean_daily": 0.026014742149994156,
      "gross_sharpe": 5.103127894587016,
      "net_sharpe": 4.828435246771557,
      "net_sortino": 13.54241565000387,
      "net_ann_return": 294.7746114413642,
      "max_drawdown": -0.21015940180324966,
      "calmar": 1402.6239554865515,
      "avg_turnover": 0.9931034482758622,
      "median_turnover": 1.0,
      "avg_holdings": 10.0,
      "final_equity": 7.129676618121917,
      "cost_bps": 15.0,
      "topk": 10
    }
  },
  "25.0": {
    "top5": {
      "gross_mean_daily": 0.03748196249005392,
      "net_mean_daily": 0.034970468237180356,
      "gross_sharpe": 3.9250724313669423,
      "net_sharpe": 3.6649085976631874,
      "net_sortino": 10.79627056567557,
      "net_ann_return": 760.5763887111184,
      "max_drawdown": -0.2565711728888992,
      "calmar": 2964.387542623504,
      "avg_turnover": 1.0045977011494251,
      "median_turnover": 0.8,
      "avg_holdings": 5.0,
      "final_equity": 9.882737722013143,
      "cost_bps": 25.0,
      "topk": 5
    },
    "top10": {
      "gross_mean_daily": 0.027504397322407954,
      "net_mean_daily": 0.025021638701718297,
      "gross_sharpe": 5.103127894587016,
      "net_sharpe": 4.64507248618953,
      "net_sortino": 12.997543648512808,
      "net_ann_return": 230.48864845757294,
      "max_drawdown": -0.21640638803235446,
      "calmar": 1065.0732196595231,
      "avg_turnover": 0.9931034482758622,
      "median_turnover": 1.0,
      "avg_holdings": 10.0,
      "final_equity": 6.551273484296004,
      "cost_bps": 25.0,
      "topk": 10
    }
  },
  "50.0": {
    "top5": {
      "gross_mean_daily": 0.03748196249005392,
      "net_mean_daily": 0.0324589739843068,
      "gross_sharpe": 3.9250724313669423,
      "net_sharpe": 3.4042110156568395,
      "net_sortino": 10.023592343621937,
      "net_ann_return": 409.5122622845606,
      "max_drawdown": -0.2703623021449999,
      "calmar": 1514.6795948771644,
      "avg_turnover": 1.0045977011494251,
      "median_turnover": 0.8,
      "avg_holdings": 5.0,
      "final_equity": 7.983985450509877,
      "cost_bps": 50.0,
      "topk": 5
    },
    "top10": {
      "gross_mean_daily": 0.027504397322407954,
      "net_mean_daily": 0.02253888008102864,
      "gross_sharpe": 5.103127894587016,
      "net_sharpe": 4.185932037531028,
      "net_sortino": 11.638019168270082,
      "net_ann_return": 124.29175471655205,
      "max_drawdown": -0.2318466561719893,
      "calmar": 536.0946617397553,
      "avg_turnover": 0.9931034482758622,
      "median_turnover": 1.0,
      "avg_holdings": 10.0,
      "final_equity": 5.300084149506958,
      "cost_bps": 50.0,
      "topk": 10
    }
  }
}