{
    "test_prediction_metrics": {
        "mse": 0.0004050759094905524,
        "IC": 0.03211672172228138,
        "RIC": 0.02905342772071864,
        "ICIR": 0.15299384664987134,
        "RICIR": 0.1485317925488064,
        "prec_10": 0.49857954545454547
    },
    "test_backtest": {
        "gross_mean_daily": 0.001135672860901981,
        "net_mean_daily": 0.0008919228609019807,
        "gross_sharpe": 0.8187226142204115,
        "net_sharpe": 0.6426492263316617,
        "net_sortino": 1.1274319375504818,
        "net_ann_return": 0.17782475307808854,
        "max_drawdown": -0.27047302268269924,
        "calmar": 0.657458371684052,
        "avg_turnover": 0.24374999999999994,
        "median_turnover": 0.4,
        "avg_holdings": 5.0,
        "final_equity": 1.2568611293259675
    }
}