{
  "score_topk": {
    "gross_mean_daily": 0.011856469849857837,
    "net_mean_daily": 0.010742676746409557,
    "gross_sharpe": 2.123163824872404,
    "net_sharpe": 1.9237170123190248,
    "net_sortino": 4.163426090836233,
    "net_ann_return": 4.754800748046982,
    "max_drawdown": -0.31474941052896743,
    "calmar": 15.106623202378566,
    "avg_turnover": 0.7425287356321838,
    "median_turnover": 0.8,
    "avg_holdings": 5.0,
    "final_equity": 1.8297485434742797
  },
  "equal_weight_all": {
    "ann_return": 1.293998446884073,
    "net_sharpe": 2.6561167110671615,
    "max_drawdown": -0.039148251077320895,
    "avg_turnover": 0.0,
    "n_days": 117
  },
  "random_topk_mean": {
    "gross_mean_daily": 0.0034693187935014047,
    "net_mean_daily": 0.0006129050003979552,
    "gross_sharpe": 0.5871090341709866,
    "net_sharpe": -0.03871398578191767,
    "net_sortino": 0.30145251500814313,
    "net_ann_return": 0.5792760128252719,
    "max_drawdown": -0.4983869714542305,
    "calmar": 1.7172028442211964,
    "avg_turnover": 1.9042758620689653,
    "median_turnover": 2.0,
    "avg_holdings": 5.0,
    "final_equity": 0.9335163435427719
  }
}