{
  "0.0": {
    "top5": {
      "gross_mean_daily": 0.009804628637095053,
      "net_mean_daily": 0.009804628637095053,
      "gross_sharpe": 1.605899371544071,
      "net_sharpe": 1.605899371544071,
      "net_sortino": 3.653696224163765,
      "net_ann_return": 3.3204489821334873,
      "max_drawdown": -0.5212145348940067,
      "calmar": 6.370599359441036,
      "avg_turnover": 0.3387755102040816,
      "median_turnover": 0.4,
      "avg_holdings": 5.0,
      "final_equity": 2.348146455538734,
      "cost_bps": 0.0,
      "topk": 5
    },
    "top10": {
      "gross_mean_daily": 0.013761133896075087,
      "net_mean_daily": 0.013761133896075087,
      "gross_sharpe": 2.4651717433970886,
      "net_sharpe": 2.4651717433970886,
      "net_sortino": 5.4487245056828835,
      "net_ann_return": 12.173894467626836,
      "max_drawdown": -0.3693174091007376,
      "calmar": 32.963229372903015,
      "avg_turnover": 0.2802721088435374,
      "median_turnover": 0.2,
      "avg_holdings": 10.0,
      "final_equity": 4.49952433591726,
      "cost_bps": 0.0,
      "topk": 10
    }
  },
  "5.0": {
    "top5": {
      "gross_mean_daily": 0.009804628637095053,
      "net_mean_daily": 0.009635240881993013,
      "gross_sharpe": 1.605899371544071,
      "net_sharpe": 1.5783406356358134,
      "net_sortino": 3.5885420469312725,
      "net_ann_return": 3.14065495535833,
      "max_drawdown": -0.5241775453200335,
      "calmar": 5.9915862161452,
      "avg_turnover": 0.3387755102040816,
      "median_turnover": 0.4,
      "avg_holdings": 5.0,
      "final_equity": 2.2906405317499168,
      "cost_bps": 5.0,
      "topk": 5
    },
    "top10": {
      "gross_mean_daily": 0.013761133896075087,
      "net_mean_daily": 0.013620997841653316,
      "gross_sharpe": 2.4651717433970886,
      "net_sharpe": 2.4402659626583754,
      "net_sortino": 5.3900410650846124,
      "net_ann_return": 11.719911965747867,
      "max_drawdown": -0.37126471514454773,
      "calmar": 31.567535205044425,
      "avg_turnover": 0.2802721088435374,
      "median_turnover": 0.2,
      "avg_holdings": 10.0,
      "final_equity": 4.408414223237236,
      "cost_bps": 5.0,
      "topk": 10
    }
  },
  "10.0": {
    "top5": {
      "gross_mean_daily": 0.009804628637095053,
      "net_mean_daily": 0.00946585312689097,
      "gross_sharpe": 1.605899371544071,
      "net_sharpe": 1.550768042739841,
      "net_sortino": 3.5233646476557556,
      "net_ann_return": 2.9682685922184184,
      "max_drawdown": -0.5271241781794906,
      "calmar": 5.631061361032969,
      "avg_turnover": 0.3387755102040816,
      "median_turnover": 0.4,
      "avg_holdings": 5.0,
      "final_equity": 2.2345184839022205,
      "cost_bps": 10.0,
      "topk": 5
    },
    "top10": {
      "gross_mean_daily": 0.013761133896075087,
      "net_mean_daily": 0.013480861787231548,
      "gross_sharpe": 2.4651717433970886,
      "net_sharpe": 2.4153444022696746,
      "net_sortino": 5.312974158125188,
      "net_ann_return": 11.281395024414978,
      "max_drawdown": -0.37320720355989023,
      "calmar": 30.228234923590843,
      "avg_turnover": 0.2802721088435374,
      "median_turnover": 0.2,
      "avg_holdings": 10.0,
      "final_equity": 4.319112257841186,
      "cost_bps": 10.0,
      "topk": 10
    }
  },
  "15.0": {
    "top5": {
      "gross_mean_daily": 0.009804628637095053,
      "net_mean_daily": 0.00929646537178893,
      "gross_sharpe": 1.605899371544071,
      "net_sharpe": 1.5231819797070036,
      "net_sortino": 3.458169611730953,
      "net_ann_return": 2.802987740005558,
      "max_drawdown": -0.5300545133148504,
      "calmar": 5.288112202782632,
      "avg_turnover": 0.3387755102040816,
      "median_turnover": 0.4,
      "avg_holdings": 5.0,
      "final_equity": 2.1797475914306785,
      "cost_bps": 15.0,
      "topk": 5
    },
    "top10": {
      "gross_mean_daily": 0.013761133896075087,
      "net_mean_daily": 0.013340725732809783,
      "gross_sharpe": 2.4651717433970886,
      "net_sharpe": 2.3904074191607183,
      "net_sortino": 5.238691907464904,
      "net_ann_return": 10.857822811165867,
      "max_drawdown": -0.37514488356709563,
      "calmar": 28.943011851566343,
      "avg_turnover": 0.2802721088435374,
      "median_turnover": 0.2,
      "avg_holdings": 10.0,
      "final_equity": 4.231583268552547,
      "cost_bps": 15.0,
      "topk": 10
    }
  },
  "25.0": {
    "top5": {
      "gross_mean_daily": 0.009804628637095053,
      "net_mean_daily": 0.008957689861584848,
      "gross_sharpe": 1.605899371544071,
      "net_sharpe": 1.4679709947781963,
      "net_sortino": 3.3277488886616973,
      "net_ann_return": 2.4925944741046075,
      "max_drawdown": -0.535866608094862,
      "calmar": 4.651520427745525,
      "avg_turnover": 0.3387755102040816,
      "median_turnover": 0.4,
      "avg_holdings": 5.0,
      "final_equity": 2.074132173104042,
      "cost_bps": 25.0,
      "topk": 5
    },
    "top10": {
      "gross_mean_daily": 0.013761133896075087,
      "net_mean_daily": 0.013060453623966245,
      "gross_sharpe": 2.4651717433970886,
      "net_sharpe": 2.3404886166408483,
      "net_sortino": 5.122630702819634,
      "net_ann_return": 10.053515366718463,
      "max_drawdown": -0.3790058551726637,
      "calmar": 26.52601596909857,
      "avg_turnover": 0.2802721088435374,
      "median_turnover": 0.2,
      "avg_holdings": 10.0,
      "final_equity": 4.061706873922097,
      "cost_bps": 25.0,
      "topk": 10
    }
  },
  "50.0": {
    "top5": {
      "gross_mean_daily": 0.009804628637095053,
      "net_mean_daily": 0.008110751086074643,
      "gross_sharpe": 1.605899371544071,
      "net_sharpe": 1.3297350384796445,
      "net_sortino": 2.990676545729439,
      "net_ann_return": 1.822038495462623,
      "max_drawdown": -0.551021363939147,
      "calmar": 3.306656719140451,
      "avg_turnover": 0.3387755102040816,
      "median_turnover": 0.4,
      "avg_holdings": 5.0,
      "final_equity": 1.8315904818320539,
      "cost_bps": 50.0,
      "topk": 5
    },
    "top10": {
      "gross_mean_daily": 0.013761133896075087,
      "net_mean_daily": 0.012359773351857398,
      "gross_sharpe": 2.4651717433970886,
      "net_sharpe": 2.2154468518151123,
      "net_sortino": 4.804558937415079,
      "net_ann_return": 8.271021123303544,
      "max_drawdown": -0.3969606975897447,
      "calmar": 20.835869075962613,
      "avg_turnover": 0.2802721088435374,
      "median_turnover": 0.2,
      "avg_holdings": 10.0,
      "final_equity": 3.6657070055407837,
      "cost_bps": 50.0,
      "topk": 10
    }
  }
}