{
  "0.0": {
    "top5": {
      "gross_mean_daily": 0.030787272908600904,
      "net_mean_daily": 0.030787272908600904,
      "gross_sharpe": 3.1517081784857437,
      "net_sharpe": 3.1517081784857437,
      "net_sortino": 9.064452688582389,
      "net_ann_return": 236.09474988759152,
      "max_drawdown": -0.3365441526493629,
      "calmar": 701.526822047838,
      "avg_turnover": 1.054421768707483,
      "median_turnover": 1.2,
      "avg_holdings": 5.0,
      "final_equity": 24.286846618632737,
      "cost_bps": 0.0,
      "topk": 5
    },
    "top10": {
      "gross_mean_daily": 0.01710159183294928,
      "net_mean_daily": 0.01710159183294928,
      "gross_sharpe": 2.90785194198431,
      "net_sharpe": 2.90785194198431,
      "net_sortino": 6.423632264388145,
      "net_ann_return": 26.40742937312028,
      "max_drawdown": -0.3735627124418396,
      "calmar": 70.69075283353125,
      "avg_turnover": 0.9945578231292518,
      "median_turnover": 1.0,
      "avg_holdings": 10.0,
      "final_equity": 6.89852925632767,
      "cost_bps": 0.0,
      "topk": 10
    }
  },
  "5.0": {
    "top5": {
      "gross_mean_daily": 0.030787272908600904,
      "net_mean_daily": 0.030260062024247164,
      "gross_sharpe": 3.1517081784857437,
      "net_sharpe": 3.097368913220034,
      "net_sortino": 8.89667750733335,
      "net_ann_return": 206.92061477080577,
      "max_drawdown": -0.3481775449986988,
      "calmar": 594.2962656336289,
      "avg_turnover": 1.054421768707483,
      "median_turnover": 1.2,
      "avg_holdings": 5.0,
      "final_equity": 22.496082939391083,
      "cost_bps": 5.0,
      "topk": 5
    },
    "top10": {
      "gross_mean_daily": 0.01710159183294928,
      "net_mean_daily": 0.01660431292138465,
      "gross_sharpe": 2.90785194198431,
      "net_sharpe": 2.8230199715458775,
      "net_sortino": 6.197611961968975,
      "net_ann_return": 23.205333075268022,
      "max_drawdown": -0.374846729714836,
      "calmar": 61.90619054582531,
      "avg_turnover": 0.9945578231292518,
      "median_turnover": 1.0,
      "avg_holdings": 10.0,
      "final_equity": 6.416252603155742,
      "cost_bps": 5.0,
      "topk": 10
    }
  },
  "10.0": {
    "top5": {
      "gross_mean_daily": 0.030787272908600904,
      "net_mean_daily": 0.029732851139893424,
      "gross_sharpe": 3.1517081784857437,
      "net_sharpe": 3.0430285112149225,
      "net_sortino": 8.752127742843221,
      "net_ann_return": 181.31863621533532,
      "max_drawdown": -0.363136618849614,
      "calmar": 499.312453779071,
      "avg_turnover": 1.054421768707483,
      "median_turnover": 1.2,
      "avg_holdings": 5.0,
      "final_equity": 20.836180952031565,
      "cost_bps": 10.0,
      "topk": 5
    },
    "top10": {
      "gross_mean_daily": 0.01710159183294928,
      "net_mean_daily": 0.016107034009820023,
      "gross_sharpe": 2.90785194198431,
      "net_sharpe": 2.738168697345887,
      "net_sortino": 5.999266945194279,
      "net_ann_return": 20.375410350727748,
      "max_drawdown": -0.3761288662352441,
      "calmar": 54.17135503216093,
      "avg_turnover": 0.9945578231292518,
      "median_turnover": 1.0,
      "avg_holdings": 10.0,
      "final_equity": 5.967376441985544,
      "cost_bps": 10.0,
      "topk": 10
    }
  },
  "15.0": {
    "top5": {
      "gross_mean_daily": 0.030787272908600904,
      "net_mean_daily": 0.029205640255539678,
      "gross_sharpe": 3.1517081784857437,
      "net_sharpe": 2.988687731178384,
      "net_sortino": 8.606905139021388,
      "net_ann_return": 158.85359418189262,
      "max_drawdown": -0.37776526625621065,
      "calmar": 420.5087348441752,
      "avg_turnover": 1.054421768707483,
      "median_turnover": 1.2,
      "avg_holdings": 5.0,
      "final_equity": 19.297663826311556,
      "cost_bps": 15.0,
      "topk": 5
    },
    "top10": {
      "gross_mean_daily": 0.01710159183294928,
      "net_mean_daily": 0.015609755098255398,
      "gross_sharpe": 2.90785194198431,
      "net_sharpe": 2.653301482604041,
      "net_sortino": 5.822005185073758,
      "net_ann_return": 17.874629386272236,
      "max_drawdown": -0.3774091240951378,
      "calmar": 47.36141297346858,
      "avg_turnover": 0.9945578231292518,
      "median_turnover": 1.0,
      "avg_holdings": 10.0,
      "final_equity": 5.549609425715981,
      "cost_bps": 15.0,
      "topk": 10
    }
  },
  "25.0": {
    "top5": {
      "gross_mean_daily": 0.030787272908600904,
      "net_mean_daily": 0.028151218486832198,
      "gross_sharpe": 3.1517081784857437,
      "net_sharpe": 2.88000806899946,
      "net_sortino": 8.29007446221778,
      "net_ann_return": 121.85088587260029,
      "max_drawdown": -0.40605919970682636,
      "calmar": 300.08157913987964,
      "avg_turnover": 1.054421768707483,
      "median_turnover": 1.2,
      "avg_holdings": 5.0,
      "final_equity": 16.550228871232836,
      "cost_bps": 25.0,
      "topk": 5
    },
    "top10": {
      "gross_mean_daily": 0.01710159183294928,
      "net_mean_daily": 0.014615197275126146,
      "gross_sharpe": 2.90785194198431,
      "net_sharpe": 2.483532681217394,
      "net_sortino": 5.464942593000353,
      "net_ann_return": 13.712546322114521,
      "max_drawdown": -0.379964012192766,
      "calmar": 36.08906602218341,
      "avg_turnover": 0.9945578231292518,
      "median_turnover": 1.0,
      "avg_holdings": 10.0,
      "final_equity": 4.799005436056551,
      "cost_bps": 25.0,
      "topk": 10
    }
  },
  "50.0": {
    "top5": {
      "gross_mean_daily": 0.030787272908600904,
      "net_mean_daily": 0.02551516406506349,
      "gross_sharpe": 3.1517081784857437,
      "net_sharpe": 2.6083552871680773,
      "net_sortino": 7.49349831176106,
      "net_ann_return": 62.50019104460606,
      "max_drawdown": -0.47148547323197754,
      "calmar": 132.56016270457292,
      "avg_turnover": 1.054421768707483,
      "median_turnover": 1.2,
      "avg_holdings": 5.0,
      "final_equity": 11.262084164342268,
      "cost_bps": 50.0,
      "topk": 5
    },
    "top10": {
      "gross_mean_daily": 0.01710159183294928,
      "net_mean_daily": 0.012128802717303013,
      "gross_sharpe": 2.90785194198431,
      "net_sharpe": 2.0590668831967305,
      "net_sortino": 4.52105473551593,
      "net_ann_return": 6.8798311920427935,
      "max_drawdown": -0.4063307390424785,
      "calmar": 16.93160406283373,
      "avg_turnover": 0.9945578231292518,
      "median_turnover": 1.0,
      "avg_holdings": 10.0,
      "final_equity": 3.3340199921775358,
      "cost_bps": 50.0,
      "topk": 10
    }
  }
}