{
  "score_topk": {
    "gross_mean_daily": 0.006008114467108099,
    "net_mean_daily": 0.005859134875271364,
    "gross_sharpe": 1.0000346929013078,
    "net_sharpe": 0.9754238540519697,
    "net_sortino": 1.9489221594766122,
    "net_ann_return": 0.5993268416798134,
    "max_drawdown": -0.5443555495606143,
    "calmar": 1.1009841677235939,
    "avg_turnover": 0.09931972789115648,
    "median_turnover": 0.0,
    "avg_holdings": 5.0,
    "final_equity": 1.315113941994317
  },
  "equal_weight_all": {
    "ann_return": -0.267227725361171,
    "net_sharpe": -1.0034898859162722,
    "max_drawdown": -0.1969551647432548,
    "avg_turnover": 0.0,
    "n_days": 117
  },
  "random_topk_mean": {
    "gross_mean_daily": -0.0013880207175492626,
    "net_mean_daily": -0.004248143166528857,
    "gross_sharpe": -0.35094776802495536,
    "net_sharpe": -0.8811457415898041,
    "net_sortino": -1.2547103286477777,
    "net_ann_return": -0.7294599831708166,
    "max_drawdown": -0.7832193443678034,
    "calmar": -0.8942651594977261,
    "avg_turnover": 1.906748299319728,
    "median_turnover": 2.0,
    "avg_holdings": 5.0,
    "final_equity": 0.38924477887245523
  }
}