{
  "0.0": {
    "top5": {
      "gross_mean_daily": 0.00463879763390861,
      "net_mean_daily": 0.00463879763390861,
      "gross_sharpe": 0.9693234203191322,
      "net_sharpe": 0.9693234203191322,
      "net_sortino": 1.5927901178005994,
      "net_ann_return": 0.5473349931644838,
      "max_drawdown": -0.5365878523664629,
      "calmar": 1.0200286695824434,
      "avg_turnover": 1.1170068027210884,
      "median_turnover": 1.2,
      "avg_holdings": 5.0,
      "final_equity": 1.2900034424483036,
      "cost_bps": 0.0,
      "topk": 5
    },
    "top10": {
      "gross_mean_daily": 0.006823370759559026,
      "net_mean_daily": 0.006823370759559026,
      "gross_sharpe": 1.4195014432920319,
      "net_sharpe": 1.4195014432920319,
      "net_sortino": 2.298971259696533,
      "net_ann_return": 1.683015190340467,
      "max_drawdown": -0.5038471057750196,
      "calmar": 3.340329181306512,
      "avg_turnover": 1.0462585034013607,
      "median_turnover": 1.0,
      "avg_holdings": 10.0,
      "final_equity": 1.778402908853657,
      "cost_bps": 0.0,
      "topk": 10
    }
  },
  "5.0": {
    "top5": {
      "gross_mean_daily": 0.00463879763390861,
      "net_mean_daily": 0.004080294232548065,
      "gross_sharpe": 0.9693234203191322,
      "net_sharpe": 0.8526774171715887,
      "net_sortino": 1.3995169952875202,
      "net_ann_return": 0.3439857004193121,
      "max_drawdown": -0.5431533898961938,
      "calmar": 0.6333122591473112,
      "avg_turnover": 1.1170068027210884,
      "median_turnover": 1.2,
      "avg_holdings": 5.0,
      "final_equity": 1.1882200544161212,
      "cost_bps": 5.0,
      "topk": 5
    },
    "top10": {
      "gross_mean_daily": 0.006823370759559026,
      "net_mean_daily": 0.006300241507858345,
      "gross_sharpe": 1.4195014432920319,
      "net_sharpe": 1.3105063051099834,
      "net_sortino": 2.1206129600712242,
      "net_ann_return": 1.3513329275914634,
      "max_drawdown": -0.5092331943074501,
      "calmar": 2.653662295967574,
      "avg_turnover": 1.0462585034013607,
      "median_turnover": 1.0,
      "avg_holdings": 10.0,
      "final_equity": 1.6466447227472223,
      "cost_bps": 5.0,
      "topk": 10
    }
  },
  "10.0": {
    "top5": {
      "gross_mean_daily": 0.00463879763390861,
      "net_mean_daily": 0.003521790831187521,
      "gross_sharpe": 0.9693234203191322,
      "net_sharpe": 0.7360044732980529,
      "net_sortino": 1.2066138703881613,
      "net_ann_return": 0.16724298052814812,
      "max_drawdown": -0.5496308151663118,
      "calmar": 0.304282394496455,
      "avg_turnover": 1.1170068027210884,
      "median_turnover": 1.2,
      "avg_holdings": 5.0,
      "final_equity": 1.09440333551182,
      "cost_bps": 10.0,
      "topk": 5
    },
    "top10": {
      "gross_mean_daily": 0.006823370759559026,
      "net_mean_daily": 0.005777112256157665,
      "gross_sharpe": 1.4195014432920319,
      "net_sharpe": 1.201521840851543,
      "net_sortino": 1.9425386228533865,
      "net_ann_return": 1.0604677463456404,
      "max_drawdown": -0.5145648263728917,
      "calmar": 2.0609021293171064,
      "avg_turnover": 1.0462585034013607,
      "median_turnover": 1.0,
      "avg_holdings": 10.0,
      "final_equity": 1.5245677501792578,
      "cost_bps": 10.0,
      "topk": 10
    }
  },
  "15.0": {
    "top5": {
      "gross_mean_daily": 0.00463879763390861,
      "net_mean_daily": 0.002963287429826975,
      "gross_sharpe": 0.9693234203191322,
      "net_sharpe": 0.6193097302717278,
      "net_sortino": 1.014100947242673,
      "net_ann_return": 0.013640946748168403,
      "max_drawdown": -0.556021245488056,
      "calmar": 0.024533139441767778,
      "avg_turnover": 1.1170068027210884,
      "median_turnover": 1.2,
      "avg_holdings": 5.0,
      "final_equity": 1.007934750078841,
      "cost_bps": 15.0,
      "topk": 5
    },
    "top10": {
      "gross_mean_daily": 0.006823370759559026,
      "net_mean_daily": 0.0052539830044569845,
      "gross_sharpe": 1.4195014432920319,
      "net_sharpe": 1.0925526513340296,
      "net_sortino": 1.7625756228495277,
      "net_ann_return": 0.8054196095767054,
      "max_drawdown": -0.5199809957313362,
      "calmar": 1.5489404731847178,
      "avg_turnover": 1.0462585034013607,
      "median_turnover": 1.0,
      "avg_holdings": 10.0,
      "final_equity": 1.4114665506216448,
      "cost_bps": 15.0,
      "topk": 10
    }
  },
  "25.0": {
    "top5": {
      "gross_mean_daily": 0.00463879763390861,
      "net_mean_daily": 0.0018462806271058864,
      "gross_sharpe": 0.9693234203191322,
      "net_sharpe": 0.38587543360374194,
      "net_sortino": 0.623223458218473,
      "net_ann_return": -0.2358152428568241,
      "max_drawdown": -0.568545523930228,
      "calmar": -0.4147693244091895,
      "avg_turnover": 1.1170068027210884,
      "median_turnover": 1.2,
      "avg_holdings": 5.0,
      "final_equity": 0.85480236738153,
      "cost_bps": 25.0,
      "topk": 5
    },
    "top10": {
      "gross_mean_daily": 0.006823370759559026,
      "net_mean_daily": 0.004207724501055623,
      "gross_sharpe": 1.4195014432920319,
      "net_sharpe": 0.8746784687841299,
      "net_sortino": 1.408752130061179,
      "net_ann_return": 0.3857487562677906,
      "max_drawdown": -0.5318025280610152,
      "calmar": 0.7253608922724173,
      "avg_turnover": 1.0462585034013607,
      "median_turnover": 1.0,
      "avg_holdings": 10.0,
      "final_equity": 1.2096209227626882,
      "cost_bps": 25.0,
      "topk": 10
    }
  },
  "50.0": {
    "top5": {
      "gross_mean_daily": 0.00463879763390861,
      "net_mean_daily": -0.0009462363796968338,
      "gross_sharpe": 0.9693234203191322,
      "net_sharpe": -0.19773133033785084,
      "net_sortino": -0.311007567005238,
      "net_ann_return": -0.6235447117039408,
      "max_drawdown": -0.6588171563747549,
      "calmar": -0.9464609500064437,
      "avg_turnover": 1.1170068027210884,
      "median_turnover": 1.2,
      "avg_holdings": 5.0,
      "final_equity": 0.5655870859881994,
      "cost_bps": 50.0,
      "topk": 5
    },
    "top10": {
      "gross_mean_daily": 0.006823370759559026,
      "net_mean_daily": 0.0015920782425522212,
      "gross_sharpe": 1.4195014432920319,
      "net_sharpe": 0.33058098268073177,
      "net_sortino": 0.5281270727010212,
      "net_ann_return": -0.2859029652327776,
      "max_drawdown": -0.5633088668851985,
      "calmar": -0.5075420999729028,
      "avg_turnover": 1.0462585034013607,
      "median_turnover": 1.0,
      "avg_holdings": 10.0,
      "final_equity": 0.8216591905058397,
      "cost_bps": 50.0,
      "topk": 10
    }
  }
}