{
    "valid_prediction_metrics": {
        "mse": 4237.936779270112,
        "IC": 0.006108328806368796,
        "RIC": 0.037207383699633056,
        "ICIR": 0.09266029298151619,
        "RICIR": 0.35110197840494134,
        "prec_10": 0.5115079365079366
    },
    "valid_backtest": {
        "top5": {
            "gross_mean_daily": 0.09749938042382164,
            "net_mean_daily": 0.09675057090001214,
            "gross_sharpe": 6.279347013484522,
            "net_sharpe": 6.234919347243516,
            "net_sortino": 26.50288840672948,
            "net_ann_return": 121510107.82639326,
            "max_drawdown": -0.31829378487338433,
            "calmar": 381754572.6642059,
            "avg_turnover": 0.4992063492063492,
            "median_turnover": 0.4,
            "avg_holdings": 5.0,
            "final_equity": 121510108.82639326
        },
        "top10": {
            "gross_mean_daily": 0.0794623281883603,
            "net_mean_daily": 0.07879566152169364,
            "gross_sharpe": 7.360729353251324,
            "net_sharpe": 7.299790143242242,
            "net_sortino": 29.199600281272406,
            "net_ann_return": 13504509.35241526,
            "max_drawdown": -0.3639088950274808,
            "calmar": 37109588.51763805,
            "avg_turnover": 0.4444444444444444,
            "median_turnover": 0.4,
            "avg_holdings": 10.0,
            "final_equity": 13504510.35241526
        }
    },
    "test_prediction_metrics": {
        "mse": 18538.208293763844,
        "IC": 0.010324937844695322,
        "RIC": 0.018760496634778842,
        "ICIR": 0.15724479381373815,
        "RICIR": 0.27406410265572384,
        "prec_10": 0.4740740740740741
    },
    "test_backtest": {
        "top5": {
            "gross_mean_daily": 0.005932613645024875,
            "net_mean_daily": 0.005410391422802651,
            "gross_sharpe": 1.0775707482041403,
            "net_sharpe": 0.9814023074653533,
            "net_sortino": 1.9578313366636901,
            "net_ann_return": 0.5013362467936069,
            "max_drawdown": -0.18194366395547523,
            "calmar": 2.7554476802970016,
            "avg_turnover": 0.3481481481481482,
            "median_turnover": 0.4,
            "avg_holdings": 5.0,
            "final_equity": 1.0444997825889262
        },
        "top10": {
            "gross_mean_daily": 0.010852262523662325,
            "net_mean_daily": 0.010241151412551207,
            "gross_sharpe": 2.2161661294015427,
            "net_sharpe": 2.0887009970163217,
            "net_sortino": 4.138552951131333,
            "net_ann_return": 5.363850161823913,
            "max_drawdown": -0.17122869280293163,
            "calmar": 31.32565035677684,
            "avg_turnover": 0.4074074074074075,
            "median_turnover": 0.4,
            "avg_holdings": 10.0,
            "final_equity": 1.2193063942123323
        }
    }
}