epoch,train_loss,train_reg_loss,train_rank_loss,train_net_loss,train_soft_gross,train_soft_turnover,train_soft_net,train_soft_concentration,valid_mse,valid_IC,valid_RIC,valid_ICIR,valid_RICIR,valid_prec_10,valid_top5_net_sharpe,valid_top5_avg_turnover,valid_top5_mdd
1,0.026556743109579877,0.026484419784124788,0.0007232324871536646,-0.002118228210649151,0.002118228210649151,0.9303248788230121,0.002118228210649151,0.1039636088992985,0.003532827445974694,0.016496016786832605,0.016820462964067775,0.1764715626206295,0.17097704657856516,0.5119047619047619,1.130282963641516,0.7182539682539683,-0.2435427729583839
2,0.0026939037603615607,0.002653214067843667,0.00040689691699839927,-0.0016365381780889111,0.0016365381780889111,0.6164473767820242,0.0016365381780889111,0.030079661412133106,0.002740583497112387,0.02350455240690751,0.021477311306701677,0.24109738802204664,0.20602957020294876,0.5091269841269842,1.5231248541949451,0.7182539682539683,-0.15226144121582508
