{
  "0.0": {
    "top5": {
      "gross_mean_daily": -0.006598547674689648,
      "net_mean_daily": -0.006598547674689648,
      "gross_sharpe": -1.9410800954243745,
      "net_sharpe": -1.9410800954243745,
      "net_sortino": -3.172590948158607,
      "net_ann_return": -0.8697473723543407,
      "max_drawdown": -0.21559597097326955,
      "calmar": -4.034154109763681,
      "avg_turnover": 0.06666666666666667,
      "median_turnover": 0.0,
      "avg_holdings": 5.0,
      "final_equity": 0.8038142400462631,
      "cost_bps": 0.0,
      "topk": 5
    },
    "top10": {
      "gross_mean_daily": 0.010511285215114996,
      "net_mean_daily": 0.010511285215114996,
      "gross_sharpe": 2.3986416782959155,
      "net_sharpe": 2.3986416782959155,
      "net_sortino": 6.501312339648378,
      "net_ann_return": 6.991587722779887,
      "max_drawdown": -0.19693584574840894,
      "calmar": 35.50185440428318,
      "avg_turnover": 0.12592592592592594,
      "median_turnover": 0.0,
      "avg_holdings": 10.0,
      "final_equity": 1.249426422910326,
      "cost_bps": 0.0,
      "topk": 10
    }
  },
  "5.0": {
    "top5": {
      "gross_mean_daily": -0.006598547674689648,
      "net_mean_daily": -0.006631881008022979,
      "gross_sharpe": -1.9410800954243745,
      "net_sharpe": -1.949804678531642,
      "net_sortino": -3.180680241180333,
      "net_ann_return": -0.8709110341060333,
      "max_drawdown": -0.2155959709732702,
      "calmar": -4.039551528585709,
      "avg_turnover": 0.06666666666666667,
      "median_turnover": 0.0,
      "avg_holdings": 5.0,
      "final_equity": 0.8030417415494795,
      "cost_bps": 5.0,
      "topk": 5
    },
    "top10": {
      "gross_mean_daily": 0.010511285215114996,
      "net_mean_daily": 0.010448322252152033,
      "gross_sharpe": 2.3986416782959155,
      "net_sharpe": 2.384089289021953,
      "net_sortino": 6.447868547988518,
      "net_ann_return": 6.865390106234644,
      "max_drawdown": -0.19709993394140923,
      "calmar": 34.83202641884521,
      "avg_turnover": 0.12592592592592594,
      "median_turnover": 0.0,
      "avg_holdings": 10.0,
      "final_equity": 1.2472974333490687,
      "cost_bps": 5.0,
      "topk": 10
    }
  },
  "10.0": {
    "top5": {
      "gross_mean_daily": -0.006598547674689648,
      "net_mean_daily": -0.006665214341356314,
      "gross_sharpe": -1.9410800954243745,
      "net_sharpe": -1.9585127428004077,
      "net_sortino": -3.1887020728740105,
      "net_ann_return": -0.8720647827587786,
      "max_drawdown": -0.21559597097327088,
      "calmar": -4.044902967425354,
      "avg_turnover": 0.06666666666666667,
      "median_turnover": 0.0,
      "avg_holdings": 5.0,
      "final_equity": 0.8022696609909943,
      "cost_bps": 10.0,
      "topk": 5
    },
    "top10": {
      "gross_mean_daily": 0.010511285215114996,
      "net_mean_daily": 0.010385359289189069,
      "gross_sharpe": 2.3986416782959155,
      "net_sharpe": 2.3695340352938947,
      "net_sortino": 6.394539043742155,
      "net_ann_return": 6.741154352983133,
      "max_drawdown": -0.1972640053705118,
      "calmar": 34.17326105838398,
      "avg_turnover": 0.12592592592592594,
      "median_turnover": 0.0,
      "avg_holdings": 10.0,
      "final_equity": 1.2451715379302175,
      "cost_bps": 10.0,
      "topk": 10
    }
  },
  "15.0": {
    "top5": {
      "gross_mean_daily": -0.006598547674689648,
      "net_mean_daily": -0.006698547674689647,
      "gross_sharpe": -1.9410800954243745,
      "net_sharpe": -1.9672042359415975,
      "net_sortino": -3.1966569442876454,
      "net_ann_return": -0.8732086987223073,
      "max_drawdown": -0.21559597097327188,
      "calmar": -4.050208799247513,
      "avg_turnover": 0.06666666666666667,
      "median_turnover": 0.0,
      "avg_holdings": 5.0,
      "final_equity": 0.8014979982671646,
      "cost_bps": 15.0,
      "topk": 5
    },
    "top10": {
      "gross_mean_daily": 0.010511285215114996,
      "net_mean_daily": 0.010322396326226106,
      "gross_sharpe": 2.3986416782959155,
      "net_sharpe": 2.354976013272915,
      "net_sortino": 6.341327011192853,
      "net_ann_return": 6.618850435291211,
      "max_drawdown": -0.1974280600357169,
      "calmar": 33.525378479939796,
      "avg_turnover": 0.12592592592592594,
      "median_turnover": 0.0,
      "avg_holdings": 10.0,
      "final_equity": 1.243048732753512,
      "cost_bps": 15.0,
      "topk": 10
    }
  },
  "25.0": {
    "top5": {
      "gross_mean_daily": -0.006598547674689648,
      "net_mean_daily": -0.006765214341356314,
      "gross_sharpe": -1.9410800954243745,
      "net_sharpe": -1.9845373032522302,
      "net_sortino": -3.2123678059395644,
      "net_ann_return": -0.8754673511246346,
      "max_drawdown": -0.2155959709732731,
      "calmar": -4.060685119338818,
      "avg_turnover": 0.06666666666666667,
      "median_turnover": 0.0,
      "avg_holdings": 5.0,
      "final_equity": 0.7999559259089061,
      "cost_bps": 25.0,
      "topk": 5
    },
    "top10": {
      "gross_mean_daily": 0.010511285215114996,
      "net_mean_daily": 0.010196470400300181,
      "gross_sharpe": 2.3986416782959155,
      "net_sharpe": 2.3258520490296664,
      "net_sortino": 6.235267744375896,
      "net_ann_return": 6.3799202515903595,
      "max_drawdown": -0.19775611907443336,
      "calmar": 32.261556716516886,
      "avg_turnover": 0.12592592592592594,
      "median_turnover": 0.0,
      "avg_holdings": 10.0,
      "final_equity": 1.2388123775468913,
      "cost_bps": 25.0,
      "topk": 10
    }
  },
  "50.0": {
    "top5": {
      "gross_mean_daily": -0.006598547674689648,
      "net_mean_daily": -0.0069318810080229816,
      "gross_sharpe": -1.9410800954243745,
      "net_sharpe": -2.0275764537438863,
      "net_sortino": -3.2505080359290957,
      "net_ann_return": -0.8809474205010962,
      "max_drawdown": -0.21624857210947046,
      "calmar": -4.073772196059009,
      "avg_turnover": 0.06666666666666667,
      "median_turnover": 0.0,
      "avg_holdings": 5.0,
      "final_equity": 0.7961080498647957,
      "cost_bps": 50.0,
      "topk": 5
    },
    "top10": {
      "gross_mean_daily": 0.010511285215114996,
      "net_mean_daily": 0.009881655585485365,
      "gross_sharpe": 2.3986416782959155,
      "net_sharpe": 2.2530004251817974,
      "net_sortino": 5.851757082339653,
      "net_ann_return": 5.814385437132061,
      "max_drawdown": -0.19857597330301502,
      "calmar": 29.28040759609108,
      "avg_turnover": 0.12592592592592594,
      "median_turnover": 0.0,
      "avg_holdings": 10.0,
      "final_equity": 1.2282752965723995,
      "cost_bps": 50.0,
      "topk": 10
    }
  }
}