{
  "0.0": {
    "top5": {
      "gross_mean_daily": 0.03252619559827917,
      "net_mean_daily": 0.03252619559827917,
      "gross_sharpe": 3.743967570226221,
      "net_sharpe": 3.743967570226221,
      "net_sortino": 11.662924588164815,
      "net_ann_return": 559.688625735227,
      "max_drawdown": -0.4734375092003277,
      "calmar": 1182.180572636507,
      "avg_turnover": 1.185034013605442,
      "median_turnover": 1.2,
      "avg_holdings": 5.0,
      "final_equity": 40.12555186383939,
      "cost_bps": 0.0,
      "topk": 5
    },
    "top10": {
      "gross_mean_daily": 0.019009646865594493,
      "net_mean_daily": 0.019009646865594493,
      "gross_sharpe": 3.127803969055567,
      "net_sharpe": 3.127803969055567,
      "net_sortino": 6.75556281744112,
      "net_ann_return": 39.75549093320034,
      "max_drawdown": -0.637478467876188,
      "calmar": 62.36366079247613,
      "avg_turnover": 1.1551020408163266,
      "median_turnover": 1.2000000000000002,
      "avg_holdings": 10.0,
      "final_equity": 8.695113230200498,
      "cost_bps": 0.0,
      "topk": 10
    }
  },
  "5.0": {
    "top5": {
      "gross_mean_daily": 0.03252619559827917,
      "net_mean_daily": 0.03193367859147645,
      "gross_sharpe": 3.743967570226221,
      "net_sharpe": 3.6762982990357167,
      "net_sortino": 11.455146984155911,
      "net_ann_return": 483.58246745229087,
      "max_drawdown": -0.480884015566035,
      "calmar": 1005.6114401766381,
      "avg_turnover": 1.185034013605442,
      "median_turnover": 1.2,
      "avg_holdings": 5.0,
      "final_equity": 36.85229083462596,
      "cost_bps": 5.0,
      "topk": 5
    },
    "top10": {
      "gross_mean_daily": 0.019009646865594493,
      "net_mean_daily": 0.01843209584518633,
      "gross_sharpe": 3.127803969055567,
      "net_sharpe": 3.0328965172561957,
      "net_sortino": 6.554027747538088,
      "net_ann_return": 34.29345417094635,
      "max_drawdown": -0.6427342585221973,
      "calmar": 53.355572254296824,
      "avg_turnover": 1.1551020408163266,
      "median_turnover": 1.2000000000000002,
      "avg_holdings": 10.0,
      "final_equity": 7.995057585542489,
      "cost_bps": 5.0,
      "topk": 10
    }
  },
  "10.0": {
    "top5": {
      "gross_mean_daily": 0.03252619559827917,
      "net_mean_daily": 0.03134116158467372,
      "gross_sharpe": 3.743967570226221,
      "net_sharpe": 3.608602082491637,
      "net_sortino": 11.211527581788324,
      "net_ann_return": 417.7671632397514,
      "max_drawdown": -0.48823014707139123,
      "calmar": 855.6767044084395,
      "avg_turnover": 1.185034013605442,
      "median_turnover": 1.2,
      "avg_holdings": 5.0,
      "final_equity": 33.844182507750006,
      "cost_bps": 10.0,
      "topk": 5
    },
    "top10": {
      "gross_mean_daily": 0.019009646865594493,
      "net_mean_daily": 0.017854544824778166,
      "gross_sharpe": 3.127803969055567,
      "net_sharpe": 2.937973143424186,
      "net_sortino": 6.315384197994147,
      "net_ann_return": 29.560710640512195,
      "max_drawdown": -0.6479173906759457,
      "calmar": 45.62419695144638,
      "avg_turnover": 1.1551020408163266,
      "median_turnover": 1.2000000000000002,
      "avg_holdings": 10.0,
      "final_equity": 7.350981760412983,
      "cost_bps": 10.0,
      "topk": 10
    }
  },
  "15.0": {
    "top5": {
      "gross_mean_daily": 0.03252619559827917,
      "net_mean_daily": 0.030748644577871003,
      "gross_sharpe": 3.743967570226221,
      "net_sharpe": 3.5408793175940225,
      "net_sortino": 11.003652579306415,
      "net_ann_return": 360.85656574008,
      "max_drawdown": -0.49547719060444495,
      "calmar": 728.3010652803891,
      "avg_turnover": 1.185034013605442,
      "median_turnover": 1.2,
      "avg_holdings": 5.0,
      "final_equity": 31.079899084684147,
      "cost_bps": 15.0,
      "topk": 5
    },
    "top10": {
      "gross_mean_daily": 0.019009646865594493,
      "net_mean_daily": 0.017276993804370002,
      "gross_sharpe": 3.127803969055567,
      "net_sharpe": 2.8430346512234075,
      "net_sortino": 6.052944984162078,
      "net_ann_return": 25.460249161315485,
      "max_drawdown": -0.65302882007328,
      "calmar": 38.98794108109878,
      "avg_turnover": 1.1551020408163266,
      "median_turnover": 1.2000000000000002,
      "avg_holdings": 10.0,
      "final_equity": 6.7584399413569045,
      "cost_bps": 15.0,
      "topk": 10
    }
  },
  "25.0": {
    "top5": {
      "gross_mean_daily": 0.03252619559827917,
      "net_mean_daily": 0.02956361056426557,
      "gross_sharpe": 3.743967570226221,
      "net_sharpe": 3.4053557348541594,
      "net_sortino": 10.550689986984732,
      "net_ann_return": 269.10998626435213,
      "max_drawdown": -0.5096790832053892,
      "calmar": 527.9988822993917,
      "avg_turnover": 1.185034013605442,
      "median_turnover": 1.2,
      "avg_holdings": 5.0,
      "final_equity": 26.205877535089027,
      "cost_bps": 25.0,
      "topk": 5
    },
    "top10": {
      "gross_mean_daily": 0.019009646865594493,
      "net_mean_daily": 0.016121891763553674,
      "gross_sharpe": 3.127803969055567,
      "net_sharpe": 2.653115529127432,
      "net_sortino": 5.6533472036196954,
      "net_ann_return": 18.83071044501157,
      "max_drawdown": -0.6630403340165067,
      "calmar": 28.400550432448306,
      "avg_turnover": 1.1551020408163266,
      "median_turnover": 1.2000000000000002,
      "avg_holdings": 10.0,
      "final_equity": 5.711900840649966,
      "cost_bps": 25.0,
      "topk": 10
    }
  },
  "50.0": {
    "top5": {
      "gross_mean_daily": 0.03252619559827917,
      "net_mean_daily": 0.026601025530251954,
      "gross_sharpe": 3.743967570226221,
      "net_sharpe": 3.066110127918413,
      "net_sortino": 9.480439441984261,
      "net_ann_return": 128.81593661474892,
      "max_drawdown": -0.5435368879374141,
      "calmar": 236.99575773658353,
      "avg_turnover": 1.185034013605442,
      "median_turnover": 1.2,
      "avg_holdings": 5.0,
      "final_equity": 17.09128330671464,
      "cost_bps": 50.0,
      "topk": 5
    },
    "top10": {
      "gross_mean_daily": 0.019009646865594493,
      "net_mean_daily": 0.013234136661512857,
      "gross_sharpe": 3.127803969055567,
      "net_sharpe": 2.1781095078758224,
      "net_sortino": 4.522985628101198,
      "net_ann_return": 8.627564631432538,
      "max_drawdown": -0.6868789597068938,
      "calmar": 12.560531239887661,
      "avg_turnover": 1.1551020408163266,
      "median_turnover": 1.2000000000000002,
      "avg_holdings": 10.0,
      "final_equity": 3.74729535690116,
      "cost_bps": 50.0,
      "topk": 10
    }
  }
}