{
    "valid_prediction_metrics": {
        "mse": 10.321459308438476,
        "IC": 0.022030874890879477,
        "RIC": 0.04377560938045672,
        "ICIR": 0.31019973938908724,
        "RICIR": 0.3570048198921475,
        "prec_10": 0.5293650793650794
    },
    "valid_backtest": {
        "softmax": {
            "gross_mean_daily": 0.13325483213797026,
            "net_mean_daily": 0.13193757742528978,
            "gross_sharpe": 4.393436935718422,
            "net_sharpe": 4.353000480663205,
            "net_sortino": 25.599623971866404,
            "net_ann_return": 407935158.6830058,
            "max_drawdown": -0.6290469926007796,
            "calmar": 648497113.0626653,
            "avg_turnover": 0.8781698084536583,
            "median_turnover": 0.7311242467072796,
            "avg_holdings": 53.26190476190476,
            "final_equity": 407935159.6830058
        },
        "top5": {
            "gross_mean_daily": 0.07772162937376308,
            "net_mean_daily": 0.07695615318328689,
            "gross_sharpe": 5.776995746198779,
            "net_sharpe": 5.720697335342497,
            "net_sortino": 19.923544710129487,
            "net_ann_return": 2930053.5706645316,
            "max_drawdown": -0.5595635050119163,
            "calmar": 5236319.996596092,
            "avg_turnover": 0.5103174603174603,
            "median_turnover": 0.4,
            "avg_holdings": 5.0,
            "final_equity": 2930054.5706645316
        },
        "top10": {
            "gross_mean_daily": 0.059923180096607145,
            "net_mean_daily": 0.05935532295375,
            "gross_sharpe": 6.093350068485741,
            "net_sharpe": 6.036661153557423,
            "net_sortino": 16.579825321586096,
            "net_ann_return": 192597.37925737532,
            "max_drawdown": -0.48449304777416624,
            "calmar": 397523.51481987006,
            "avg_turnover": 0.3785714285714286,
            "median_turnover": 0.2,
            "avg_holdings": 10.0,
            "final_equity": 192598.37925737532
        }
    },
    "test_prediction_metrics": {
        "mse": 49.44888611902499,
        "IC": -0.0068080083512937406,
        "RIC": 0.008692022383842665,
        "ICIR": -0.10597747807064008,
        "RICIR": 0.06479412005750126,
        "prec_10": 0.437037037037037
    },
    "test_backtest": {
        "softmax": {
            "gross_mean_daily": 0.006331258064248605,
            "net_mean_daily": 0.0051339165402168084,
            "gross_sharpe": 1.207689159286326,
            "net_sharpe": 0.9787643355032393,
            "net_sortino": 2.526908732074384,
            "net_ann_return": 0.6833880320970149,
            "max_drawdown": -0.22058173083689936,
            "calmar": 3.09811709927701,
            "avg_turnover": 0.7982276826878644,
            "median_turnover": 0.59658700233596,
            "avg_holdings": 47.55555555555556,
            "final_equity": 1.0573871424824226
        },
        "top5": {
            "gross_mean_daily": 0.015781274379912284,
            "net_mean_daily": 0.014970163268801172,
            "gross_sharpe": 2.410919218739934,
            "net_sharpe": 2.2892791717055068,
            "net_sortino": 6.8491689624173375,
            "net_ann_return": 12.48294339344434,
            "max_drawdown": -0.18185084450050848,
            "calmar": 68.64385715481674,
            "avg_turnover": 0.5407407407407407,
            "median_turnover": 0.4,
            "avg_holdings": 5.0,
            "final_equity": 1.3214427784526002
        },
        "top10": {
            "gross_mean_daily": 0.009821095088409493,
            "net_mean_daily": 0.009209983977298383,
            "gross_sharpe": 2.1786346617866426,
            "net_sharpe": 2.0412412671575333,
            "net_sortino": 4.671190778097571,
            "net_ann_return": 4.530695349526433,
            "max_drawdown": -0.2096891190274519,
            "calmar": 21.606726045292223,
            "avg_turnover": 0.4074074074074075,
            "median_turnover": 0.2,
            "avg_holdings": 10.0,
            "final_equity": 1.2011121031454706
        }
    }
}