{
  "0.0": {
    "top5": {
      "gross_mean_daily": 0.007859187698233181,
      "net_mean_daily": 0.007859187698233181,
      "gross_sharpe": 2.4371505340210717,
      "net_sharpe": 2.4371505340210717,
      "net_sortino": 3.825286656078117,
      "net_ann_return": 4.190183687721046,
      "max_drawdown": -0.12672632302378584,
      "calmar": 33.06482495275671,
      "avg_turnover": 0.7333333333333333,
      "median_turnover": 0.8,
      "avg_holdings": 5.0,
      "final_equity": 1.1929623043641722,
      "cost_bps": 0.0,
      "topk": 5
    },
    "top10": {
      "gross_mean_daily": 0.0059757430841542655,
      "net_mean_daily": 0.0059757430841542655,
      "gross_sharpe": 2.1422965835026635,
      "net_sharpe": 2.1422965835026635,
      "net_sortino": 4.066938320581697,
      "net_ann_return": 2.5163155329337323,
      "max_drawdown": -0.12457724851806606,
      "calmar": 20.198836969405534,
      "avg_turnover": 0.7481481481481482,
      "median_turnover": 0.8,
      "avg_holdings": 10.0,
      "final_equity": 1.1442196752430005,
      "cost_bps": 0.0,
      "topk": 10
    }
  },
  "5.0": {
    "top5": {
      "gross_mean_daily": 0.007859187698233181,
      "net_mean_daily": 0.007492521031566516,
      "gross_sharpe": 2.4371505340210717,
      "net_sharpe": 2.320775007997508,
      "net_sortino": 3.6427967349409425,
      "net_ann_return": 3.7308089890408382,
      "max_drawdown": -0.12993066017754074,
      "calmar": 28.713846169289425,
      "avg_turnover": 0.7333333333333333,
      "median_turnover": 0.8,
      "avg_holdings": 5.0,
      "final_equity": 1.1811757130757343,
      "cost_bps": 5.0,
      "topk": 5
    },
    "top10": {
      "gross_mean_daily": 0.0059757430841542655,
      "net_mean_daily": 0.00560166901008019,
      "gross_sharpe": 2.1422965835026635,
      "net_sharpe": 2.006032192393035,
      "net_sortino": 3.6177518527782935,
      "net_ann_return": 2.1994772500826003,
      "max_drawdown": -0.12627770382282644,
      "calmar": 17.4177798889276,
      "avg_turnover": 0.7481481481481482,
      "median_turnover": 0.8,
      "avg_holdings": 10.0,
      "final_equity": 1.132701850390298,
      "cost_bps": 5.0,
      "topk": 10
    }
  },
  "10.0": {
    "top5": {
      "gross_mean_daily": 0.007859187698233181,
      "net_mean_daily": 0.007125854364899849,
      "gross_sharpe": 2.4371505340210717,
      "net_sharpe": 2.2046492217630154,
      "net_sortino": 3.460631171610378,
      "net_ann_return": 3.3119173363518932,
      "max_drawdown": -0.1331249085673486,
      "calmar": 24.87826937850251,
      "avg_turnover": 0.7333333333333333,
      "median_turnover": 0.8,
      "avg_holdings": 5.0,
      "final_equity": 1.169500475789267,
      "cost_bps": 10.0,
      "topk": 5
    },
    "top10": {
      "gross_mean_daily": 0.0059757430841542655,
      "net_mean_daily": 0.005227594936006118,
      "gross_sharpe": 2.1422965835026635,
      "net_sharpe": 1.870038345034399,
      "net_sortino": 3.3753599464421433,
      "net_ann_return": 1.911064323588454,
      "max_drawdown": -0.12797541504607934,
      "calmar": 14.933058219701145,
      "avg_turnover": 0.7481481481481482,
      "median_turnover": 0.8,
      "avg_holdings": 10.0,
      "final_equity": 1.1212948717535527,
      "cost_bps": 10.0,
      "topk": 10
    }
  },
  "15.0": {
    "top5": {
      "gross_mean_daily": 0.007859187698233181,
      "net_mean_daily": 0.006759187698233182,
      "gross_sharpe": 2.4371505340210717,
      "net_sharpe": 2.0887751395249854,
      "net_sortino": 3.278801397183041,
      "net_ann_return": 2.9299565652006225,
      "max_drawdown": -0.1363090948212552,
      "calmar": 21.494945506176514,
      "avg_turnover": 0.7333333333333333,
      "median_turnover": 0.8,
      "avg_holdings": 5.0,
      "final_equity": 1.1579355882442115,
      "cost_bps": 15.0,
      "topk": 5
    },
    "top10": {
      "gross_mean_daily": 0.0059757430841542655,
      "net_mean_daily": 0.004853520861932043,
      "gross_sharpe": 2.1422965835026635,
      "net_sharpe": 1.7343190606098764,
      "net_sortino": 3.132923965298931,
      "net_ann_return": 1.6485376221323977,
      "max_drawdown": -0.13104978543981105,
      "calmar": 12.579475934182003,
      "avg_turnover": 0.7481481481481482,
      "median_turnover": 0.8,
      "avg_holdings": 10.0,
      "final_equity": 1.1099977210074634,
      "cost_bps": 15.0,
      "topk": 10
    }
  },
  "25.0": {
    "top5": {
      "gross_mean_daily": 0.007859187698233181,
      "net_mean_daily": 0.006025854364899847,
      "gross_sharpe": 2.4371505340210717,
      "net_sharpe": 1.8577897753638042,
      "net_sortino": 2.9161941953841026,
      "net_ann_return": 2.2641436490454696,
      "max_drawdown": -0.14264738714813763,
      "calmar": 15.872310697694804,
      "avg_turnover": 0.7333333333333333,
      "median_turnover": 0.8,
      "avg_holdings": 5.0,
      "final_equity": 1.135132888416155,
      "cost_bps": 25.0,
      "topk": 5
    },
    "top10": {
      "gross_mean_daily": 0.0059757430841542655,
      "net_mean_daily": 0.0041053727137838935,
      "gross_sharpe": 2.1422965835026635,
      "net_sharpe": 1.4637199697278027,
      "net_sortino": 2.5616273506452973,
      "net_ann_return": 1.1920954870632068,
      "max_drawdown": -0.1401735712547828,
      "calmar": 8.50442402503908,
      "avg_turnover": 0.7481481481481482,
      "median_turnover": 0.8,
      "avg_holdings": 10.0,
      "final_equity": 1.0877288743884161,
      "cost_bps": 25.0,
      "topk": 10
    }
  },
  "50.0": {
    "top5": {
      "gross_mean_daily": 0.007859187698233181,
      "net_mean_daily": 0.004192521031566516,
      "gross_sharpe": 2.4371505340210717,
      "net_sharpe": 1.284862208694808,
      "net_sortino": 2.0163235217648645,
      "net_ann_return": 1.0507479381683855,
      "max_drawdown": -0.1583188835817131,
      "calmar": 6.636908462150861,
      "avg_turnover": 0.7333333333333333,
      "median_turnover": 0.8,
      "avg_holdings": 5.0,
      "final_equity": 1.0799886049676943,
      "cost_bps": 50.0,
      "topk": 5
    },
    "top10": {
      "gross_mean_daily": 0.0059757430841542655,
      "net_mean_daily": 0.0022350023434135227,
      "gross_sharpe": 2.1422965835026635,
      "net_sharpe": 0.7922973229263972,
      "net_sortino": 1.3473514428095346,
      "net_ann_return": 0.3651139733134148,
      "max_drawdown": -0.16260512402555172,
      "calmar": 2.245402631062201,
      "avg_turnover": 0.7481481481481482,
      "median_turnover": 0.8,
      "avg_holdings": 10.0,
      "final_equity": 1.0339091610281514,
      "cost_bps": 50.0,
      "topk": 10
    }
  }
}