{
  "0.0": {
    "top5": {
      "gross_mean_daily": 0.005009968848510956,
      "net_mean_daily": 0.005009968848510956,
      "gross_sharpe": 1.1856635061911807,
      "net_sharpe": 1.1856635061911807,
      "net_sortino": 2.156457602620401,
      "net_ann_return": 1.016339315967362,
      "max_drawdown": -0.13612429297552853,
      "calmar": 7.466259649499932,
      "avg_turnover": 0.30370370370370375,
      "median_turnover": 0.4,
      "avg_holdings": 5.0,
      "final_equity": 1.0780324064369573,
      "cost_bps": 0.0,
      "topk": 5
    },
    "top10": {
      "gross_mean_daily": 0.011037524369371735,
      "net_mean_daily": 0.011037524369371735,
      "gross_sharpe": 2.2398987722742154,
      "net_sharpe": 2.2398987722742154,
      "net_sortino": 5.722805524568203,
      "net_ann_return": 6.763944226561173,
      "max_drawdown": -0.1684564584720194,
      "calmar": 40.15247790362701,
      "avg_turnover": 0.08148148148148149,
      "median_turnover": 0.0,
      "avg_holdings": 10.0,
      "final_equity": 1.2455637839058002,
      "cost_bps": 0.0,
      "topk": 10
    }
  },
  "5.0": {
    "top5": {
      "gross_mean_daily": 0.005009968848510956,
      "net_mean_daily": 0.004858116996659104,
      "gross_sharpe": 1.1856635061911807,
      "net_sharpe": 1.1488899855216883,
      "net_sortino": 2.0863803702469266,
      "net_ann_return": 0.938996584588986,
      "max_drawdown": -0.13666920240757452,
      "calmar": 6.870579238341074,
      "avg_turnover": 0.30370370370370375,
      "median_turnover": 0.4,
      "avg_holdings": 5.0,
      "final_equity": 1.0735241682483057,
      "cost_bps": 5.0,
      "topk": 5
    },
    "top10": {
      "gross_mean_daily": 0.011037524369371735,
      "net_mean_daily": 0.010996783628630998,
      "gross_sharpe": 2.2398987722742154,
      "net_sharpe": 2.2307368203514666,
      "net_sortino": 5.689175086565734,
      "net_ann_return": 6.680122865244355,
      "max_drawdown": -0.16845645847201984,
      "calmar": 39.65489317415663,
      "avg_turnover": 0.08148148148148149,
      "median_turnover": 0.0,
      "avg_holdings": 10.0,
      "final_equity": 1.2441159992758972,
      "cost_bps": 5.0,
      "topk": 10
    }
  },
  "10.0": {
    "top5": {
      "gross_mean_daily": 0.005009968848510956,
      "net_mean_daily": 0.004706265144807252,
      "gross_sharpe": 1.1856635061911807,
      "net_sharpe": 1.1121665984553575,
      "net_sortino": 2.0165979709171036,
      "net_ann_return": 0.8646005413695537,
      "max_drawdown": -0.13721388298831405,
      "calmar": 6.301115619888747,
      "avg_turnover": 0.30370370370370375,
      "median_turnover": 0.4,
      "avg_holdings": 5.0,
      "final_equity": 1.069033553094499,
      "cost_bps": 10.0,
      "topk": 5
    },
    "top10": {
      "gross_mean_daily": 0.011037524369371735,
      "net_mean_daily": 0.010956042887890257,
      "gross_sharpe": 2.2398987722742154,
      "net_sharpe": 2.221579004352661,
      "net_sortino": 5.65562486539587,
      "net_ann_return": 6.597179683380853,
      "max_drawdown": -0.1684564584720205,
      "calmar": 39.16252153928214,
      "avg_turnover": 0.08148148148148149,
      "median_turnover": 0.0,
      "avg_holdings": 10.0,
      "final_equity": 1.2426694282317456,
      "cost_bps": 10.0,
      "topk": 10
    }
  },
  "15.0": {
    "top5": {
      "gross_mean_daily": 0.005009968848510956,
      "net_mean_daily": 0.004554413292955402,
      "gross_sharpe": 1.1856635061911807,
      "net_sharpe": 1.0754935703908592,
      "net_sortino": 1.947110665502225,
      "net_ann_return": 0.7930396807939029,
      "max_drawdown": -0.13775833476574684,
      "calmar": 5.756745551089028,
      "avg_turnover": 0.30370370370370375,
      "median_turnover": 0.4,
      "avg_holdings": 5.0,
      "final_equity": 1.064560496727289,
      "cost_bps": 15.0,
      "topk": 5
    },
    "top10": {
      "gross_mean_daily": 0.011037524369371735,
      "net_mean_daily": 0.010915302147149517,
      "gross_sharpe": 2.2398987722742154,
      "net_sharpe": 2.21242536273929,
      "net_sortino": 5.622155960142369,
      "net_ann_return": 6.515105752405647,
      "max_drawdown": -0.16845645847202095,
      "calmar": 38.67530999679107,
      "avg_turnover": 0.08148148148148149,
      "median_turnover": 0.0,
      "avg_holdings": 10.0,
      "final_equity": 1.2412240699946457,
      "cost_bps": 15.0,
      "topk": 10
    }
  },
  "25.0": {
    "top5": {
      "gross_mean_daily": 0.005009968848510956,
      "net_mean_daily": 0.004250709589251696,
      "gross_sharpe": 1.1856635061911807,
      "net_sharpe": 1.0022994803507068,
      "net_sortino": 1.8090221817388732,
      "net_ann_return": 0.6579982829669586,
      "max_drawdown": -0.1388465521026916,
      "calmar": 4.739032212161529,
      "avg_turnover": 0.30370370370370375,
      "median_turnover": 0.4,
      "avg_holdings": 5.0,
      "final_equity": 1.0556668044480582,
      "cost_bps": 25.0,
      "topk": 5
    },
    "top10": {
      "gross_mean_daily": 0.011037524369371735,
      "net_mean_daily": 0.010833820665668029,
      "gross_sharpe": 2.2398987722742154,
      "net_sharpe": 2.1941307557442364,
      "net_sortino": 5.555466357466193,
      "net_ann_return": 6.353530368515353,
      "max_drawdown": -0.16845645847202217,
      "calmar": 37.71615779001345,
      "avg_turnover": 0.08148148148148149,
      "median_turnover": 0.0,
      "avg_holdings": 10.0,
      "final_equity": 1.238336988828702,
      "cost_bps": 25.0,
      "topk": 10
    }
  },
  "50.0": {
    "top5": {
      "gross_mean_daily": 0.005009968848510956,
      "net_mean_daily": 0.0034914503299924367,
      "gross_sharpe": 1.1856635061911807,
      "net_sharpe": 0.8202108349315061,
      "net_sortino": 1.4689759000331442,
      "net_ann_return": 0.3629741430227582,
      "max_drawdown": -0.1415630947471861,
      "calmar": 2.56404498409999,
      "avg_turnover": 0.30370370370370375,
      "median_turnover": 0.4,
      "avg_holdings": 5.0,
      "final_equity": 1.033735396897757,
      "cost_bps": 50.0,
      "topk": 5
    },
    "top10": {
      "gross_mean_daily": 0.011037524369371735,
      "net_mean_daily": 0.010630116961964328,
      "gross_sharpe": 2.2398987722742154,
      "net_sharpe": 2.148469952558087,
      "net_sortino": 5.390237122931592,
      "net_ann_return": 5.964195550967977,
      "max_drawdown": -0.16845645847202506,
      "calmar": 35.40496817415299,
      "avg_turnover": 0.08148148148148149,
      "median_turnover": 0.0,
      "avg_holdings": 10.0,
      "final_equity": 1.2311404556013414,
      "cost_bps": 50.0,
      "topk": 10
    }
  }
}