{
  "0.0": {
    "top5": {
      "gross_mean_daily": 0.02759975127000349,
      "net_mean_daily": 0.02759975127000349,
      "gross_sharpe": 2.679015949350821,
      "net_sharpe": 2.679015949350821,
      "net_sortino": 10.57513609997475,
      "net_ann_return": 102.55313221371334,
      "max_drawdown": -0.3326033409519117,
      "calmar": 308.3346424599875,
      "avg_turnover": 0.7885057471264368,
      "median_turnover": 0.8,
      "avg_holdings": 5.0,
      "final_equity": 4.962621108357165,
      "cost_bps": 0.0,
      "topk": 5
    },
    "top10": {
      "gross_mean_daily": 0.022754400509856866,
      "net_mean_daily": 0.022754400509856866,
      "gross_sharpe": 4.042338620926892,
      "net_sharpe": 4.042338620926892,
      "net_sortino": 11.124987543338516,
      "net_ann_return": 123.11957967967741,
      "max_drawdown": -0.23149947103023694,
      "calmar": 531.8352527166877,
      "avg_turnover": 0.735632183908046,
      "median_turnover": 0.8,
      "avg_holdings": 10.0,
      "final_equity": 5.282912718936686,
      "cost_bps": 0.0,
      "topk": 10
    }
  },
  "5.0": {
    "top5": {
      "gross_mean_daily": 0.02759975127000349,
      "net_mean_daily": 0.027205498396440268,
      "gross_sharpe": 2.679015949350821,
      "net_sharpe": 2.6407825723989253,
      "net_sortino": 10.43642734579566,
      "net_ann_return": 92.87764593268206,
      "max_drawdown": -0.33493593307943437,
      "calmar": 277.2997363360761,
      "avg_turnover": 0.7885057471264368,
      "median_turnover": 0.8,
      "avg_holdings": 5.0,
      "final_equity": 4.7973744018763655,
      "cost_bps": 5.0,
      "topk": 5
    },
    "top10": {
      "gross_mean_daily": 0.022754400509856866,
      "net_mean_daily": 0.022386584417902845,
      "gross_sharpe": 4.042338620926892,
      "net_sharpe": 3.9774929131545593,
      "net_sortino": 10.847608937328795,
      "net_ann_return": 112.32745115199438,
      "max_drawdown": -0.23348157526229307,
      "calmar": 481.09770985279965,
      "avg_turnover": 0.735632183908046,
      "median_turnover": 0.8,
      "avg_holdings": 10.0,
      "final_equity": 5.119584838077185,
      "cost_bps": 5.0,
      "topk": 10
    }
  },
  "10.0": {
    "top5": {
      "gross_mean_daily": 0.02759975127000349,
      "net_mean_daily": 0.026811245522877045,
      "gross_sharpe": 2.679015949350821,
      "net_sharpe": 2.6025448062663226,
      "net_sortino": 10.297196684344012,
      "net_ann_return": 84.10218567076942,
      "max_drawdown": -0.33726144112399137,
      "calmar": 249.36792474773475,
      "avg_turnover": 0.7885057471264368,
      "median_turnover": 0.8,
      "avg_holdings": 5.0,
      "final_equity": 4.637554816622585,
      "cost_bps": 10.0,
      "topk": 5
    },
    "top10": {
      "gross_mean_daily": 0.022754400509856866,
      "net_mean_daily": 0.02201876832594882,
      "gross_sharpe": 4.042338620926892,
      "net_sharpe": 3.912617811021296,
      "net_sortino": 10.678691868106668,
      "net_ann_return": 102.46962824820314,
      "max_drawdown": -0.2354594530211327,
      "calmar": 435.19012268567195,
      "avg_turnover": 0.735632183908046,
      "median_turnover": 0.8,
      "avg_holdings": 10.0,
      "final_equity": 4.961239170931395,
      "cost_bps": 10.0,
      "topk": 10
    }
  },
  "15.0": {
    "top5": {
      "gross_mean_daily": 0.02759975127000349,
      "net_mean_daily": 0.02641699264931383,
      "gross_sharpe": 2.679015949350821,
      "net_sharpe": 2.564302798908396,
      "net_sortino": 10.157449445193398,
      "net_ann_return": 76.1434020801368,
      "max_drawdown": -0.3395798834641657,
      "calmar": 224.2282472776325,
      "avg_turnover": 0.7885057471264368,
      "median_turnover": 0.8,
      "avg_holdings": 5.0,
      "final_equity": 4.48298657799055,
      "cost_bps": 15.0,
      "topk": 5
    },
    "top10": {
      "gross_mean_daily": 0.022754400509856866,
      "net_mean_daily": 0.0216509522339948,
      "gross_sharpe": 4.042338620926892,
      "net_sharpe": 3.847713954784432,
      "net_sortino": 10.509247657422486,
      "net_ann_return": 93.46557712782833,
      "max_drawdown": -0.237433111460712,
      "calmar": 393.650138148067,
      "avg_turnover": 0.735632183908046,
      "median_turnover": 0.8,
      "avg_holdings": 10.0,
      "final_equity": 4.807725784441976,
      "cost_bps": 15.0,
      "topk": 10
    }
  },
  "25.0": {
    "top5": {
      "gross_mean_daily": 0.02759975127000349,
      "net_mean_daily": 0.025628486902187397,
      "gross_sharpe": 2.679015949350821,
      "net_sharpe": 2.4878066526328255,
      "net_sortino": 9.876427188814231,
      "net_ann_return": 62.38018392419986,
      "max_drawdown": -0.3441956443464921,
      "calmar": 181.2346697252864,
      "avg_turnover": 0.7885057471264368,
      "median_turnover": 0.8,
      "avg_holdings": 5.0,
      "final_equity": 4.188928932440535,
      "cost_bps": 25.0,
      "topk": 5
    },
    "top10": {
      "gross_mean_daily": 0.022754400509856866,
      "net_mean_daily": 0.020915320050086752,
      "gross_sharpe": 4.042338620926892,
      "net_sharpe": 3.717822547671872,
      "net_sortino": 10.168815170562175,
      "net_ann_return": 77.73062148666435,
      "max_drawdown": -0.24136779895285598,
      "calmar": 322.04221865371807,
      "avg_turnover": 0.735632183908046,
      "median_turnover": 0.8,
      "avg_holdings": 10.0,
      "final_equity": 4.514618244073148,
      "cost_bps": 25.0,
      "topk": 10
    }
  },
  "50.0": {
    "top5": {
      "gross_mean_daily": 0.02759975127000349,
      "net_mean_daily": 0.023657222534371306,
      "gross_sharpe": 2.679015949350821,
      "net_sharpe": 2.29650243312318,
      "net_sortino": 9.023140905852859,
      "net_ann_return": 37.746351756092785,
      "max_drawdown": -0.35561267557163556,
      "calmar": 106.14456218499703,
      "avg_turnover": 0.7885057471264368,
      "median_turnover": 0.8,
      "avg_holdings": 5.0,
      "final_equity": 3.534416955969074,
      "cost_bps": 50.0,
      "topk": 5
    },
    "top10": {
      "gross_mean_daily": 0.022754400509856866,
      "net_mean_daily": 0.01907623959031664,
      "gross_sharpe": 4.042338620926892,
      "net_sharpe": 3.3926359002603856,
      "net_sortino": 9.197878492013896,
      "net_ann_return": 48.89062559811599,
      "max_drawdown": -0.2511311786399034,
      "calmar": 194.681623614826,
      "avg_turnover": 0.735632183908046,
      "median_turnover": 0.8,
      "avg_holdings": 10.0,
      "final_equity": 3.8567441362078823,
      "cost_bps": 50.0,
      "topk": 10
    }
  }
}