{
  "0.0": {
    "top5": {
      "gross_mean_daily": 0.040328890564329596,
      "net_mean_daily": 0.040328890564329596,
      "gross_sharpe": 4.199430892311486,
      "net_sharpe": 4.199430892311486,
      "net_sortino": 17.286045318950997,
      "net_ann_return": 2962.870917174325,
      "max_drawdown": -0.30952862034475537,
      "calmar": 9572.203416487575,
      "avg_turnover": 0.6275862068965516,
      "median_turnover": 0.8,
      "avg_holdings": 5.0,
      "final_equity": 15.798581197311824,
      "cost_bps": 0.0,
      "topk": 5
    },
    "top10": {
      "gross_mean_daily": 0.02911576590617522,
      "net_mean_daily": 0.02911576590617522,
      "gross_sharpe": 5.302519958626635,
      "net_sharpe": 5.302519958626635,
      "net_sortino": 17.967836865097343,
      "net_ann_return": 617.9717257632694,
      "max_drawdown": -0.2208885212029078,
      "calmar": 2797.6633751502372,
      "avg_turnover": 0.5977011494252874,
      "median_turnover": 0.6,
      "avg_holdings": 10.0,
      "final_equity": 9.200069610950653,
      "cost_bps": 0.0,
      "topk": 10
    }
  },
  "5.0": {
    "top5": {
      "gross_mean_daily": 0.040328890564329596,
      "net_mean_daily": 0.04001509746088133,
      "gross_sharpe": 4.199430892311486,
      "net_sharpe": 4.166967837994126,
      "net_sortino": 17.150027087266963,
      "net_ann_return": 2743.371989416404,
      "max_drawdown": -0.31071806433273175,
      "calmar": 8829.135812553986,
      "avg_turnover": 0.6275862068965516,
      "median_turnover": 0.8,
      "avg_holdings": 5.0,
      "final_equity": 15.38443333840958,
      "cost_bps": 5.0,
      "topk": 5
    },
    "top10": {
      "gross_mean_daily": 0.02911576590617522,
      "net_mean_daily": 0.028816915331462578,
      "gross_sharpe": 5.302519958626635,
      "net_sharpe": 5.247360716495332,
      "net_sortino": 17.773461930261718,
      "net_ann_return": 573.9176909057152,
      "max_drawdown": -0.22236643409922974,
      "calmar": 2580.9546896229253,
      "avg_turnover": 0.5977011494252874,
      "median_turnover": 0.6,
      "avg_holdings": 10.0,
      "final_equity": 8.968524647619851,
      "cost_bps": 5.0,
      "topk": 10
    }
  },
  "10.0": {
    "top5": {
      "gross_mean_daily": 0.040328890564329596,
      "net_mean_daily": 0.039701304357433055,
      "gross_sharpe": 4.199430892311486,
      "net_sharpe": 4.134497391911136,
      "net_sortino": 17.013789381027276,
      "net_ann_return": 2540.0545996893857,
      "max_drawdown": -0.31190585284521566,
      "calmar": 8143.658018952767,
      "avg_turnover": 0.6275862068965516,
      "median_turnover": 0.8,
      "avg_holdings": 5.0,
      "final_equity": 14.980991117978242,
      "cost_bps": 10.0,
      "topk": 5
    },
    "top10": {
      "gross_mean_daily": 0.02911576590617522,
      "net_mean_daily": 0.028518064756749933,
      "gross_sharpe": 5.302519958626635,
      "net_sharpe": 5.192208268901713,
      "net_sortino": 17.578957414701332,
      "net_ann_return": 532.9857691825044,
      "max_drawdown": -0.22384214999804464,
      "calmar": 2381.0786716656326,
      "avg_turnover": 0.5977011494252874,
      "median_turnover": 0.6,
      "avg_holdings": 10.0,
      "final_equity": 8.742731734340305,
      "cost_bps": 10.0,
      "topk": 10
    }
  },
  "15.0": {
    "top5": {
      "gross_mean_daily": 0.040328890564329596,
      "net_mean_daily": 0.03938751125398478,
      "gross_sharpe": 4.199430892311486,
      "net_sharpe": 4.102019648639903,
      "net_sortino": 16.64017265306673,
      "net_ann_return": 2351.731303350608,
      "max_drawdown": -0.3130919876722763,
      "calmar": 7511.31103937649,
      "avg_turnover": 0.6275862068965516,
      "median_turnover": 0.8,
      "avg_holdings": 5.0,
      "final_equity": 14.587981687397026,
      "cost_bps": 15.0,
      "topk": 5
    },
    "top10": {
      "gross_mean_daily": 0.02911576590617522,
      "net_mean_daily": 0.02821921418203729,
      "gross_sharpe": 5.302519958626635,
      "net_sharpe": 5.137062890967707,
      "net_sortino": 17.38433564792637,
      "net_ann_return": 494.9556413224325,
      "max_drawdown": -0.2253156712914718,
      "calmar": 2196.7208871146545,
      "avg_turnover": 0.5977011494252874,
      "median_turnover": 0.6,
      "avg_holdings": 10.0,
      "final_equity": 8.522549847113531,
      "cost_bps": 15.0,
      "topk": 10
    }
  },
  "25.0": {
    "top5": {
      "gross_mean_daily": 0.040328890564329596,
      "net_mean_daily": 0.03875992504708823,
      "gross_sharpe": 4.199430892311486,
      "net_sharpe": 4.037042649306039,
      "net_sortino": 16.380287617162306,
      "net_ann_return": 2015.7445913605384,
      "max_drawdown": -0.3154593034233293,
      "calmar": 6389.872067425219,
      "avg_turnover": 0.6275862068965516,
      "median_turnover": 0.8,
      "avg_holdings": 5.0,
      "final_equity": 13.83220390702967,
      "cost_bps": 25.0,
      "topk": 5
    },
    "top10": {
      "gross_mean_daily": 0.02911576590617522,
      "net_mean_daily": 0.027621513032612007,
      "gross_sharpe": 5.302519958626635,
      "net_sharpe": 5.026794442850315,
      "net_sortino": 16.99478955918564,
      "net_ann_return": 426.79581044162455,
      "max_drawdown": -0.2282561396221966,
      "calmar": 1869.8108675025155,
      "avg_turnover": 0.5977011494252874,
      "median_turnover": 0.6,
      "avg_holdings": 10.0,
      "final_equity": 8.09847203244055,
      "cost_bps": 25.0,
      "topk": 10
    }
  },
  "50.0": {
    "top5": {
      "gross_mean_daily": 0.040328890564329596,
      "net_mean_daily": 0.03719095952984684,
      "gross_sharpe": 4.199430892311486,
      "net_sharpe": 3.874479088162624,
      "net_sortino": 15.725680062560773,
      "net_ann_return": 1370.2750611033175,
      "max_drawdown": -0.32134877833870745,
      "calmar": 4264.13651915228,
      "avg_turnover": 0.6275862068965516,
      "median_turnover": 0.8,
      "avg_holdings": 5.0,
      "final_equity": 12.10751215555775,
      "cost_bps": 50.0,
      "topk": 5
    },
    "top10": {
      "gross_mean_daily": 0.02911576590617522,
      "net_mean_daily": 0.02612726015904879,
      "gross_sharpe": 5.302519958626635,
      "net_sharpe": 4.751266232711301,
      "net_sortino": 16.019730151903513,
      "net_ann_return": 294.481398153446,
      "max_drawdown": -0.23556907197814747,
      "calmar": 1250.0851477630026,
      "avg_turnover": 0.5977011494252874,
      "median_turnover": 0.6,
      "avg_holdings": 10.0,
      "final_equity": 7.127235705113481,
      "cost_bps": 50.0,
      "topk": 10
    }
  }
}