{
  "score_topk": {
    "gross_mean_daily": 0.0002636409767782657,
    "net_mean_daily": 0.00020808542122271008,
    "gross_sharpe": 0.05500752393761265,
    "net_sharpe": 0.04336048062805458,
    "net_sortino": 0.0802332782502717,
    "net_ann_return": -0.48922429249238664,
    "max_drawdown": -0.18918587357716898,
    "calmar": -2.5859451513976066,
    "avg_turnover": 0.037037037037037035,
    "median_turnover": 0.0,
    "avg_holdings": 5.0,
    "final_equity": 0.9305483719744119
  },
  "equal_weight_all": {
    "ann_return": -0.7091877737818268,
    "net_sharpe": -2.979558901876468,
    "max_drawdown": -0.48354255673618873,
    "avg_turnover": 0.0,
    "n_days": 117
  },
  "random_topk_mean": {
    "gross_mean_daily": -0.004063612030010888,
    "net_mean_daily": -0.006886945363344224,
    "gross_sharpe": -1.534810745436892,
    "net_sharpe": -2.395419472635973,
    "net_sortino": -3.3572908548202878,
    "net_ann_return": -0.09842934441856802,
    "max_drawdown": -0.29620432183813306,
    "calmar": 1.4913111597288968,
    "avg_turnover": 1.8822222222222225,
    "median_turnover": 2.0,
    "avg_holdings": 5.0,
    "final_equity": 0.8140606254579484
  }
}