{
  "0.0": {
    "top5": {
      "gross_mean_daily": 0.0069255848237504206,
      "net_mean_daily": 0.0069255848237504206,
      "gross_sharpe": 1.0117742276817911,
      "net_sharpe": 1.0117742276817911,
      "net_sortino": 2.8890237463016537,
      "net_ann_return": 0.9004224627241595,
      "max_drawdown": -0.5533045959145086,
      "calmar": 1.6273540277291623,
      "avg_turnover": 0.36326530612244895,
      "median_turnover": 0.4,
      "avg_holdings": 5.0,
      "final_equity": 1.454328752933579,
      "cost_bps": 0.0,
      "topk": 5
    },
    "top10": {
      "gross_mean_daily": 0.003283302399329246,
      "net_mean_daily": 0.003283302399329246,
      "gross_sharpe": 0.6363167472329924,
      "net_sharpe": 0.6363167472329924,
      "net_sortino": 1.1803623417200189,
      "net_ann_return": 0.03917526614630651,
      "max_drawdown": -0.5726639214410358,
      "calmar": 0.06840882528038178,
      "avg_turnover": 0.4789115646258504,
      "median_turnover": 0.4,
      "avg_holdings": 10.0,
      "final_equity": 1.0226691004947348,
      "cost_bps": 0.0,
      "topk": 10
    }
  },
  "5.0": {
    "top5": {
      "gross_mean_daily": 0.0069255848237504206,
      "net_mean_daily": 0.006743952170689192,
      "gross_sharpe": 1.0117742276817911,
      "net_sharpe": 0.9852158933015529,
      "net_sortino": 2.812336031732364,
      "net_ann_return": 0.815195032294145,
      "max_drawdown": -0.5555952696806951,
      "calmar": 1.4672461714103087,
      "avg_turnover": 0.36326530612244895,
      "median_turnover": 0.4,
      "avg_holdings": 5.0,
      "final_equity": 1.4159195830433327,
      "cost_bps": 5.0,
      "topk": 5
    },
    "top10": {
      "gross_mean_daily": 0.003283302399329246,
      "net_mean_daily": 0.003043846617016322,
      "gross_sharpe": 0.6363167472329924,
      "net_sharpe": 0.5898846669289938,
      "net_sortino": 1.0945194369107258,
      "net_ann_return": -0.021915165058037478,
      "max_drawdown": -0.575314675525324,
      "calmar": -0.038092483974945524,
      "avg_turnover": 0.4789115646258504,
      "median_turnover": 0.4,
      "avg_holdings": 10.0,
      "final_equity": 0.9871571748822504,
      "cost_bps": 5.0,
      "topk": 10
    }
  },
  "10.0": {
    "top5": {
      "gross_mean_daily": 0.0069255848237504206,
      "net_mean_daily": 0.006562319517627969,
      "gross_sharpe": 1.0117742276817911,
      "net_sharpe": 0.958657043350328,
      "net_sortino": 2.735657700125083,
      "net_ann_return": 0.7337654142969423,
      "max_drawdown": -0.5578749170797306,
      "calmar": 1.3152866204069873,
      "avg_turnover": 0.36326530612244895,
      "median_turnover": 0.4,
      "avg_holdings": 5.0,
      "final_equity": 1.3785135168970253,
      "cost_bps": 10.0,
      "topk": 5
    },
    "top10": {
      "gross_mean_daily": 0.003283302399329246,
      "net_mean_daily": 0.0028043908347033957,
      "gross_sharpe": 0.6363167472329924,
      "net_sharpe": 0.5434549254415623,
      "net_sortino": 1.0056828573092764,
      "net_ann_return": -0.07943224727291687,
      "max_drawdown": -0.5779498197176993,
      "calmar": -0.13743796530913058,
      "avg_turnover": 0.4789115646258504,
      "median_turnover": 0.4,
      "avg_holdings": 10.0,
      "final_equity": 0.9528675236787365,
      "cost_bps": 10.0,
      "topk": 10
    }
  },
  "15.0": {
    "top5": {
      "gross_mean_daily": 0.0069255848237504206,
      "net_mean_daily": 0.0063806868645667454,
      "gross_sharpe": 1.0117742276817911,
      "net_sharpe": 0.9320978248529447,
      "net_sortino": 2.658992204844002,
      "net_ann_return": 0.6559654575671117,
      "max_drawdown": -0.5601435878005758,
      "calmar": 1.171066619081748,
      "avg_turnover": 0.36326530612244895,
      "median_turnover": 0.4,
      "avg_holdings": 5.0,
      "final_equity": 1.3420846509888547,
      "cost_bps": 15.0,
      "topk": 5
    },
    "top10": {
      "gross_mean_daily": 0.003283302399329246,
      "net_mean_daily": 0.0025649350523904726,
      "gross_sharpe": 0.6363167472329924,
      "net_sharpe": 0.49702791651005224,
      "net_sortino": 0.915470145957786,
      "net_ann_return": -0.13358394385702088,
      "max_drawdown": -0.5805694411043696,
      "calmar": -0.23009124214785578,
      "avg_turnover": 0.4789115646258504,
      "median_turnover": 0.4,
      "avg_holdings": 10.0,
      "final_equity": 0.9197584509964833,
      "cost_bps": 15.0,
      "topk": 10
    }
  },
  "25.0": {
    "top5": {
      "gross_mean_daily": 0.0069255848237504206,
      "net_mean_daily": 0.006017421558444296,
      "gross_sharpe": 1.0117742276817911,
      "net_sharpe": 0.8789788702293927,
      "net_sortino": 2.505713491083119,
      "net_ann_return": 0.5106185857982923,
      "max_drawdown": -0.5646481969194288,
      "calmar": 0.9043127890661619,
      "avg_turnover": 0.36326530612244895,
      "median_turnover": 0.4,
      "avg_holdings": 5.0,
      "final_equity": 1.2720581959506394,
      "cost_bps": 25.0,
      "topk": 5
    },
    "top10": {
      "gross_mean_daily": 0.003283302399329246,
      "net_mean_daily": 0.0020860234877646193,
      "gross_sharpe": 0.6363167472329924,
      "net_sharpe": 0.40418367036469427,
      "net_sortino": 0.7450459467510583,
      "net_ann_return": -0.2325635173218682,
      "max_drawdown": -0.5857624615115609,
      "calmar": -0.3970270077077672,
      "avg_turnover": 0.4789115646258504,
      "median_turnover": 0.4,
      "avg_holdings": 10.0,
      "final_equity": 0.8569222588369668,
      "cost_bps": 25.0,
      "topk": 10
    }
  },
  "50.0": {
    "top5": {
      "gross_mean_daily": 0.0069255848237504206,
      "net_mean_daily": 0.005109258293138174,
      "gross_sharpe": 1.0117742276817911,
      "net_sharpe": 0.7461853215475925,
      "net_sortino": 2.1150072616306823,
      "net_ann_return": 0.20034638695722884,
      "max_drawdown": -0.5757210660482499,
      "calmar": 0.3479921072405057,
      "avg_turnover": 0.36326530612244895,
      "median_turnover": 0.4,
      "avg_holdings": 5.0,
      "final_equity": 1.1124030661529445,
      "cost_bps": 50.0,
      "topk": 5
    },
    "top10": {
      "gross_mean_daily": 0.003283302399329246,
      "net_mean_daily": 0.0008887445761999935,
      "gross_sharpe": 0.6363167472329924,
      "net_sharpe": 0.17214839805834772,
      "net_sortino": 0.31553471542984446,
      "net_ann_return": -0.43352186519473035,
      "max_drawdown": -0.5984793716277423,
      "calmar": -0.7243722770509442,
      "avg_turnover": 0.4789115646258504,
      "median_turnover": 0.4,
      "avg_holdings": 10.0,
      "final_equity": 0.7178331409618954,
      "cost_bps": 50.0,
      "topk": 10
    }
  }
}