{
  "0.0": {
    "top5": {
      "gross_mean_daily": 0.015781274379912284,
      "net_mean_daily": 0.015781274379912284,
      "gross_sharpe": 2.410919218739934,
      "net_sharpe": 2.410919218739934,
      "net_sortino": 7.223949911798709,
      "net_ann_return": 15.493175680847028,
      "max_drawdown": -0.17634553745064319,
      "calmar": 87.85691945902236,
      "avg_turnover": 0.5407407407407407,
      "median_turnover": 0.4,
      "avg_holdings": 5.0,
      "final_equity": 1.3502850494252143,
      "cost_bps": 0.0,
      "topk": 5
    },
    "top10": {
      "gross_mean_daily": 0.009821095088409493,
      "net_mean_daily": 0.009821095088409493,
      "gross_sharpe": 2.1786346617866426,
      "net_sharpe": 2.1786346617866426,
      "net_sortino": 5.0032218734387754,
      "net_ann_return": 5.455121498234429,
      "max_drawdown": -0.207979274970037,
      "calmar": 26.229159126524046,
      "avg_turnover": 0.4074074074074075,
      "median_turnover": 0.2,
      "avg_holdings": 10.0,
      "final_equity": 1.2211681640274619,
      "cost_bps": 0.0,
      "topk": 10
    }
  },
  "5.0": {
    "top5": {
      "gross_mean_daily": 0.015781274379912284,
      "net_mean_daily": 0.015510904009541913,
      "gross_sharpe": 2.410919218739934,
      "net_sharpe": 2.370413101658584,
      "net_sortino": 7.099342038184413,
      "net_ann_return": 14.422177579060772,
      "max_drawdown": -0.17818430715192468,
      "calmar": 80.93966191244384,
      "avg_turnover": 0.5407407407407407,
      "median_turnover": 0.4,
      "avg_holdings": 5.0,
      "final_equity": 1.3406065129206677,
      "cost_bps": 5.0,
      "topk": 5
    },
    "top10": {
      "gross_mean_daily": 0.009821095088409493,
      "net_mean_daily": 0.00961739138470579,
      "gross_sharpe": 2.1786346617866426,
      "net_sharpe": 2.1328362929055014,
      "net_sortino": 4.892532216972703,
      "net_ann_return": 5.131143433336594,
      "max_drawdown": -0.20854955888481597,
      "calmar": 24.603952464584076,
      "avg_turnover": 0.4074074074074075,
      "median_turnover": 0.2,
      "avg_holdings": 10.0,
      "final_equity": 1.2144494537765331,
      "cost_bps": 5.0,
      "topk": 10
    }
  },
  "10.0": {
    "top5": {
      "gross_mean_daily": 0.015781274379912284,
      "net_mean_daily": 0.015240533639171541,
      "gross_sharpe": 2.410919218739934,
      "net_sharpe": 2.329866202723792,
      "net_sortino": 6.974408579024176,
      "net_ann_return": 13.420240887968065,
      "max_drawdown": -0.1800194073446244,
      "calmar": 74.54885606973563,
      "avg_turnover": 0.5407407407407407,
      "median_turnover": 0.4,
      "avg_holdings": 5.0,
      "final_equity": 1.3309925562596228,
      "cost_bps": 10.0,
      "topk": 5
    },
    "top10": {
      "gross_mean_daily": 0.009821095088409493,
      "net_mean_daily": 0.009413687681002085,
      "gross_sharpe": 2.1786346617866426,
      "net_sharpe": 2.0870379121060916,
      "net_sortino": 4.781847658924101,
      "net_ann_return": 4.823265454042026,
      "max_drawdown": -0.20911950685193048,
      "calmar": 23.064636707632115,
      "avg_turnover": 0.4074074074074075,
      "median_turnover": 0.2,
      "avg_holdings": 10.0,
      "final_equity": 1.207764150265901,
      "cost_bps": 10.0,
      "topk": 10
    }
  },
  "15.0": {
    "top5": {
      "gross_mean_daily": 0.015781274379912284,
      "net_mean_daily": 0.014970163268801172,
      "gross_sharpe": 2.410919218739934,
      "net_sharpe": 2.2892791717055068,
      "net_sortino": 6.8491689624173375,
      "net_ann_return": 12.48294339344434,
      "max_drawdown": -0.18185084450050848,
      "calmar": 68.64385715481674,
      "avg_turnover": 0.5407407407407407,
      "median_turnover": 0.4,
      "avg_holdings": 5.0,
      "final_equity": 1.3214427784526002,
      "cost_bps": 15.0,
      "topk": 5
    },
    "top10": {
      "gross_mean_daily": 0.009821095088409493,
      "net_mean_daily": 0.009209983977298383,
      "gross_sharpe": 2.1786346617866426,
      "net_sharpe": 2.0412412671575333,
      "net_sortino": 4.671190778097571,
      "net_ann_return": 4.530695349526433,
      "max_drawdown": -0.2096891190274519,
      "calmar": 21.606726045292223,
      "avg_turnover": 0.4074074074074075,
      "median_turnover": 0.2,
      "avg_holdings": 10.0,
      "final_equity": 1.2011121031454706,
      "cost_bps": 15.0,
      "topk": 10
    }
  },
  "25.0": {
    "top5": {
      "gross_mean_daily": 0.015781274379912284,
      "net_mean_daily": 0.014429422528060424,
      "gross_sharpe": 2.410919218739934,
      "net_sharpe": 2.2079873294069143,
      "net_sortino": 6.597849541058267,
      "net_ann_return": 10.78596532357894,
      "max_drawdown": -0.1855027555392097,
      "calmar": 58.14450190871136,
      "avg_turnover": 0.5407407407407407,
      "median_turnover": 0.4,
      "avg_holdings": 5.0,
      "final_equity": 1.3025341670072048,
      "cost_bps": 25.0,
      "topk": 5
    },
    "top10": {
      "gross_mean_daily": 0.009821095088409493,
      "net_mean_daily": 0.008802576569890976,
      "gross_sharpe": 2.1786346617866426,
      "net_sharpe": 1.9496601585428914,
      "net_sortino": 4.450049227225362,
      "net_ann_return": 3.988501044043911,
      "max_drawdown": -0.21082733662773445,
      "calmar": 18.9183296047971,
      "avg_turnover": 0.4074074074074075,
      "median_turnover": 0.2,
      "avg_holdings": 10.0,
      "final_equity": 1.1879071797406597,
      "cost_bps": 25.0,
      "topk": 10
    }
  },
  "50.0": {
    "top5": {
      "gross_mean_daily": 0.015781274379912284,
      "net_mean_daily": 0.013077570676208579,
      "gross_sharpe": 2.410919218739934,
      "net_sharpe": 2.0041015368853756,
      "net_sortino": 5.865364527571836,
      "net_ann_return": 7.415093505769221,
      "max_drawdown": -0.19456888110547144,
      "calmar": 38.110377484833016,
      "avg_turnover": 0.5407407407407407,
      "median_turnover": 0.4,
      "avg_holdings": 5.0,
      "final_equity": 1.2563581417133014,
      "cost_bps": 50.0,
      "topk": 5
    },
    "top10": {
      "gross_mean_daily": 0.009821095088409493,
      "net_mean_daily": 0.007784058051372456,
      "gross_sharpe": 2.1786346617866426,
      "net_sharpe": 1.720859373247564,
      "net_sortino": 3.8917432319851257,
      "net_ann_return": 2.852433724145734,
      "max_drawdown": -0.21366701519023523,
      "calmar": 13.349902050125811,
      "avg_turnover": 0.4074074074074075,
      "median_turnover": 0.2,
      "avg_holdings": 10.0,
      "final_equity": 1.1554664511090142,
      "cost_bps": 50.0,
      "topk": 10
    }
  }
}