{
  "score_topk": {
    "gross_mean_daily": 0.007859187698233181,
    "net_mean_daily": 0.006759187698233182,
    "gross_sharpe": 2.4371505340210717,
    "net_sharpe": 2.0887751395249854,
    "net_sortino": 3.278801397183041,
    "net_ann_return": 2.9299565652006225,
    "max_drawdown": -0.1363090948212552,
    "calmar": 21.494945506176514,
    "avg_turnover": 0.7333333333333333,
    "median_turnover": 0.8,
    "avg_holdings": 5.0,
    "final_equity": 1.1579355882442115
  },
  "equal_weight_all": {
    "ann_return": -0.7091877737818268,
    "net_sharpe": -2.979558901876468,
    "max_drawdown": -0.48354255673618873,
    "avg_turnover": 0.0,
    "n_days": 117
  },
  "random_topk_mean": {
    "gross_mean_daily": -0.004063612030010888,
    "net_mean_daily": -0.006886945363344224,
    "gross_sharpe": -1.534810745436892,
    "net_sharpe": -2.395419472635973,
    "net_sortino": -3.3572908548202878,
    "net_ann_return": -0.09842934441856802,
    "max_drawdown": -0.29620432183813306,
    "calmar": 1.4913111597288968,
    "avg_turnover": 1.8822222222222225,
    "median_turnover": 2.0,
    "avg_holdings": 5.0,
    "final_equity": 0.8140606254579484
  }
}