{
    "test_prediction_metrics": {
        "mse": 0.00040507865308755014,
        "IC": 0.02876902605238476,
        "RIC": 0.028878710334363625,
        "ICIR": 0.13435090126307234,
        "RICIR": 0.1440869601440999,
        "prec_10": 0.4917613636363637
    },
    "test_backtest": {
        "gross_mean_daily": 0.00227229233808802,
        "net_mean_daily": 0.0021217241562698375,
        "gross_sharpe": 1.6649715682663044,
        "net_sharpe": 1.5543352343891979,
        "net_sortino": 2.7523816401342764,
        "net_ann_return": 0.6085254617486202,
        "max_drawdown": -0.21166832705678162,
        "calmar": 2.87490088955304,
        "avg_turnover": 0.15056818181818182,
        "median_turnover": 0.0,
        "avg_holdings": 5.0,
        "final_equity": 1.9424228977491638
    }
}