{
  "0.0": {
    "top5": {
      "gross_mean_daily": -0.008591567190510598,
      "net_mean_daily": -0.008591567190510598,
      "gross_sharpe": -2.7060843203140363,
      "net_sharpe": -2.7060843203140363,
      "net_sortino": -4.130837518028907,
      "net_ann_return": -0.9179939287422262,
      "max_drawdown": -0.2155959709733094,
      "calmar": -4.257936382547776,
      "avg_turnover": 0.037037037037037035,
      "median_turnover": 0.0,
      "avg_holdings": 5.0,
      "final_equity": 0.7649382145426316,
      "cost_bps": 0.0,
      "topk": 5
    },
    "top10": {
      "gross_mean_daily": 0.007937662659781014,
      "net_mean_daily": 0.007937662659781014,
      "gross_sharpe": 1.7680807172309345,
      "net_sharpe": 1.7680807172309345,
      "net_sortino": 4.533589268883532,
      "net_ann_return": 3.07830894653329,
      "max_drawdown": -0.196374938217728,
      "calmar": 15.675671113920767,
      "avg_turnover": 0.11111111111111113,
      "median_turnover": 0.0,
      "avg_holdings": 10.0,
      "final_equity": 1.162541819547568,
      "cost_bps": 0.0,
      "topk": 10
    }
  },
  "5.0": {
    "top5": {
      "gross_mean_daily": -0.008591567190510598,
      "net_mean_daily": -0.008610085709029117,
      "gross_sharpe": -2.7060843203140363,
      "net_sharpe": -2.709570831257649,
      "net_sortino": -4.129485117260801,
      "net_ann_return": -0.9184313414235714,
      "max_drawdown": -0.21559597097330951,
      "calmar": -4.259965236238167,
      "avg_turnover": 0.037037037037037035,
      "median_turnover": 0.0,
      "avg_holdings": 5.0,
      "final_equity": 0.7645000155785703,
      "cost_bps": 5.0,
      "topk": 5
    },
    "top10": {
      "gross_mean_daily": 0.007937662659781014,
      "net_mean_daily": 0.007882107104225452,
      "gross_sharpe": 1.7680807172309345,
      "net_sharpe": 1.7551647104915056,
      "net_sortino": 4.489865509255529,
      "net_ann_return": 3.020128427460466,
      "max_drawdown": -0.196612471430892,
      "calmar": 15.360818189535145,
      "avg_turnover": 0.11111111111111113,
      "median_turnover": 0.0,
      "avg_holdings": 10.0,
      "final_equity": 1.1607534742149024,
      "cost_bps": 5.0,
      "topk": 10
    }
  },
  "10.0": {
    "top5": {
      "gross_mean_daily": -0.008591567190510598,
      "net_mean_daily": -0.008628604227547635,
      "gross_sharpe": -2.7060843203140363,
      "net_sharpe": -2.71304385160182,
      "net_sortino": -4.12810968908332,
      "net_ann_return": -0.9188666697719441,
      "max_drawdown": -0.21559597097331018,
      "calmar": -4.261984422155244,
      "avg_turnover": 0.037037037037037035,
      "median_turnover": 0.0,
      "avg_holdings": 5.0,
      "final_equity": 0.7640618166145086,
      "cost_bps": 10.0,
      "topk": 5
    },
    "top10": {
      "gross_mean_daily": 0.007937662659781014,
      "net_mean_daily": 0.0078265515486699,
      "gross_sharpe": 1.7680807172309345,
      "net_sharpe": 1.7422531926273865,
      "net_sortino": 4.446320288018596,
      "net_ann_return": 2.9627622065092245,
      "max_drawdown": -0.19684995784367554,
      "calmar": 15.050865333926014,
      "avg_turnover": 0.11111111111111113,
      "median_turnover": 0.0,
      "avg_holdings": 10.0,
      "final_equity": 1.1589673880614344,
      "cost_bps": 10.0,
      "topk": 10
    }
  },
  "15.0": {
    "top5": {
      "gross_mean_daily": -0.008591567190510598,
      "net_mean_daily": -0.008647122746066153,
      "gross_sharpe": -2.7060843203140363,
      "net_sharpe": -2.7165034071822833,
      "net_sortino": -4.126711653676038,
      "net_ann_return": -0.9192999225326293,
      "max_drawdown": -0.2155959709733104,
      "calmar": -4.26399398086233,
      "avg_turnover": 0.037037037037037035,
      "median_turnover": 0.0,
      "avg_holdings": 5.0,
      "final_equity": 0.7636236176504475,
      "cost_bps": 15.0,
      "topk": 5
    },
    "top10": {
      "gross_mean_daily": 0.007937662659781014,
      "net_mean_daily": 0.007770995993114347,
      "gross_sharpe": 1.7680807172309345,
      "net_sharpe": 1.7293462398359871,
      "net_sortino": 4.402954180461347,
      "net_ann_return": 2.906199101337445,
      "max_drawdown": -0.19708739746068893,
      "calmar": 14.745737874499916,
      "avg_turnover": 0.11111111111111113,
      "median_turnover": 0.0,
      "avg_holdings": 10.0,
      "final_equity": 1.1571835586904742,
      "cost_bps": 15.0,
      "topk": 10
    }
  },
  "25.0": {
    "top5": {
      "gross_mean_daily": -0.008591567190510598,
      "net_mean_daily": -0.008684159783103192,
      "gross_sharpe": -2.7060843203140363,
      "net_sharpe": -2.7233822285143843,
      "net_sortino": -4.12384941681275,
      "net_ann_return": -0.9201602361136451,
      "max_drawdown": -0.2155959709733115,
      "calmar": -4.267984378164855,
      "avg_turnover": 0.037037037037037035,
      "median_turnover": 0.0,
      "avg_holdings": 5.0,
      "final_equity": 0.7627472197223244,
      "cost_bps": 25.0,
      "topk": 5
    },
    "top10": {
      "gross_mean_daily": 0.007937662659781014,
      "net_mean_daily": 0.007659884882003236,
      "gross_sharpe": 1.7680807172309345,
      "net_sharpe": 1.703546333116647,
      "net_sortino": 4.316761416973645,
      "net_ann_return": 2.795438260380378,
      "max_drawdown": -0.19756213632584452,
      "calmar": 14.149666086600911,
      "avg_turnover": 0.11111111111111113,
      "median_turnover": 0.0,
      "avg_holdings": 10.0,
      "final_equity": 1.153622660720008,
      "cost_bps": 25.0,
      "topk": 10
    }
  },
  "50.0": {
    "top5": {
      "gross_mean_daily": -0.008591567190510598,
      "net_mean_daily": -0.008776752375695784,
      "gross_sharpe": -2.7060843203140363,
      "net_sharpe": -2.7403454994096594,
      "net_sortino": -4.116326651074558,
      "net_ann_return": -0.9222753033720508,
      "max_drawdown": -0.21559597097331384,
      "calmar": -4.277794706478679,
      "avg_turnover": 0.037037037037037035,
      "median_turnover": 0.0,
      "avg_holdings": 5.0,
      "final_equity": 0.7605562249020174,
      "cost_bps": 50.0,
      "topk": 5
    },
    "top10": {
      "gross_mean_daily": 0.007937662659781014,
      "net_mean_daily": 0.007382107104225457,
      "gross_sharpe": 1.7680807172309345,
      "net_sharpe": 1.6391317444832672,
      "net_sortino": 4.072367138588615,
      "net_ann_return": 2.531836436682826,
      "max_drawdown": -0.19874816488544755,
      "calmar": 12.73891730335906,
      "avg_turnover": 0.11111111111111113,
      "median_turnover": 0.0,
      "avg_holdings": 10.0,
      "final_equity": 1.1447597421307836,
      "cost_bps": 50.0,
      "topk": 10
    }
  }
}