{
    "test_prediction_metrics": {
        "mse": 0.00040505661285833515,
        "IC": 0.02899349889500412,
        "RIC": 0.0307400492086776,
        "ICIR": 0.13771273340027332,
        "RICIR": 0.15708823722968254,
        "prec_10": 0.4971590909090909
    },
    "test_backtest": {
        "gross_mean_daily": 0.0017677278351150316,
        "net_mean_daily": 0.0017046596532968499,
        "gross_sharpe": 1.2899258558076254,
        "net_sharpe": 1.2436407878647369,
        "net_sortino": 2.231964620633315,
        "net_ann_return": 0.4475229566632861,
        "max_drawdown": -0.2627308058973348,
        "calmar": 1.7033516687664627,
        "avg_turnover": 0.06306818181818183,
        "median_turnover": 0.0,
        "avg_holdings": 5.0,
        "final_equity": 1.6763539494661028
    }
}