{
  "score_topk": {
    "gross_mean_daily": -0.0032330065605627313,
    "net_mean_daily": -0.004421895449451621,
    "gross_sharpe": -0.7616372513671784,
    "net_sharpe": -1.0434062231512546,
    "net_sortino": -1.7746998643427994,
    "net_ann_return": -0.8163928091623167,
    "max_drawdown": -0.2082477794149531,
    "calmar": -3.920295387792144,
    "avg_turnover": 0.7925925925925925,
    "median_turnover": 0.8,
    "avg_holdings": 5.0,
    "final_equity": 0.8339327655740997
  },
  "equal_weight_all": {
    "ann_return": -0.7091877737818268,
    "net_sharpe": -2.979558901876468,
    "max_drawdown": -0.48354255673618873,
    "avg_turnover": 0.0,
    "n_days": 117
  },
  "random_topk_mean": {
    "gross_mean_daily": -0.004063612030010888,
    "net_mean_daily": -0.006886945363344224,
    "gross_sharpe": -1.534810745436892,
    "net_sharpe": -2.395419472635973,
    "net_sortino": -3.3572908548202878,
    "net_ann_return": -0.09842934441856802,
    "max_drawdown": -0.29620432183813306,
    "calmar": 1.4913111597288968,
    "avg_turnover": 1.8822222222222225,
    "median_turnover": 2.0,
    "avg_holdings": 5.0,
    "final_equity": 0.8140606254579484
  }
}