{
  "0.0": {
    "top5": {
      "gross_mean_daily": 0.008094676051417803,
      "net_mean_daily": 0.008094676051417803,
      "gross_sharpe": 2.1371413274381457,
      "net_sharpe": 2.1371413274381457,
      "net_sortino": 4.221106963523494,
      "net_ann_return": 3.892282451911557,
      "max_drawdown": -0.28480171649771835,
      "calmar": 13.666639723110913,
      "avg_turnover": 0.28735632183908044,
      "median_turnover": 0.4,
      "avg_holdings": 5.0,
      "final_equity": 1.7299981740608967,
      "cost_bps": 0.0,
      "topk": 5
    },
    "top10": {
      "gross_mean_daily": 0.011248071426834729,
      "net_mean_daily": 0.011248071426834729,
      "gross_sharpe": 2.8658795005559563,
      "net_sharpe": 2.8658795005559563,
      "net_sortino": 5.6337849611602655,
      "net_ann_return": 9.511309772166424,
      "max_drawdown": -0.25986786639410453,
      "calmar": 36.600561293351205,
      "avg_turnover": 0.14482758620689654,
      "median_turnover": 0.2,
      "avg_holdings": 10.0,
      "final_equity": 2.25275965523977,
      "cost_bps": 0.0,
      "topk": 10
    }
  },
  "5.0": {
    "top5": {
      "gross_mean_daily": 0.008094676051417803,
      "net_mean_daily": 0.007950997890498263,
      "gross_sharpe": 2.1371413274381457,
      "net_sharpe": 2.099522040263008,
      "net_sortino": 4.144810022762719,
      "net_ann_return": 3.7195767970778446,
      "max_drawdown": -0.28600934292552127,
      "calmar": 13.005088431790993,
      "avg_turnover": 0.28735632183908044,
      "median_turnover": 0.4,
      "avg_holdings": 5.0,
      "final_equity": 1.7086653319810499,
      "cost_bps": 5.0,
      "topk": 5
    },
    "top10": {
      "gross_mean_daily": 0.011248071426834729,
      "net_mean_daily": 0.011175657633731283,
      "gross_sharpe": 2.8658795005559563,
      "net_sharpe": 2.847328810359213,
      "net_sortino": 5.595513605329964,
      "net_ann_return": 9.32240631620999,
      "max_drawdown": -0.26098198152218754,
      "calmar": 35.720497874224776,
      "avg_turnover": 0.14482758620689654,
      "median_turnover": 0.2,
      "avg_holdings": 10.0,
      "final_equity": 2.2386995098120184,
      "cost_bps": 5.0,
      "topk": 10
    }
  },
  "10.0": {
    "top5": {
      "gross_mean_daily": 0.008094676051417803,
      "net_mean_daily": 0.007807319729578724,
      "gross_sharpe": 2.1371413274381457,
      "net_sharpe": 2.0618812059675147,
      "net_sortino": 4.068474760316286,
      "net_ann_return": 3.5529238951111957,
      "max_drawdown": -0.2872152538877306,
      "calmar": 12.370247913391209,
      "avg_turnover": 0.28735632183908044,
      "median_turnover": 0.4,
      "avg_holdings": 5.0,
      "final_equity": 1.6875899121830633,
      "cost_bps": 10.0,
      "topk": 5
    },
    "top10": {
      "gross_mean_daily": 0.011248071426834729,
      "net_mean_daily": 0.011103243840627833,
      "gross_sharpe": 2.8658795005559563,
      "net_sharpe": 2.828775632513126,
      "net_sortino": 5.55725158044356,
      "net_ann_return": 9.136871509692321,
      "max_drawdown": -0.26209454610559413,
      "calmar": 34.860975344280334,
      "avg_turnover": 0.14482758620689654,
      "median_turnover": 0.2,
      "avg_holdings": 10.0,
      "final_equity": 2.2247251313513363,
      "cost_bps": 10.0,
      "topk": 10
    }
  },
  "15.0": {
    "top5": {
      "gross_mean_daily": 0.008094676051417803,
      "net_mean_daily": 0.007663641568659182,
      "gross_sharpe": 2.1371413274381457,
      "net_sharpe": 2.0242193738053307,
      "net_sortino": 3.9409963824244585,
      "net_ann_return": 3.3921131582145874,
      "max_drawdown": -0.28841945138572533,
      "calmar": 11.76104157297732,
      "avg_turnover": 0.28735632183908044,
      "median_turnover": 0.4,
      "avg_holdings": 5.0,
      "final_equity": 1.6667688759522405,
      "cost_bps": 15.0,
      "topk": 5
    },
    "top10": {
      "gross_mean_daily": 0.011248071426834729,
      "net_mean_daily": 0.011030830047524389,
      "gross_sharpe": 2.8658795005559563,
      "net_sharpe": 2.810220042411636,
      "net_sortino": 5.4832865198213145,
      "net_ann_return": 8.954645744464818,
      "max_drawdown": -0.26320556212864643,
      "calmar": 34.02149130896426,
      "avg_turnover": 0.14482758620689654,
      "median_turnover": 0.2,
      "avg_holdings": 10.0,
      "final_equity": 2.210836008502329,
      "cost_bps": 15.0,
      "topk": 10
    }
  },
  "25.0": {
    "top5": {
      "gross_mean_daily": 0.008094676051417803,
      "net_mean_daily": 0.0073762852468201,
      "gross_sharpe": 2.1371413274381457,
      "net_sharpe": 1.9488349199224198,
      "net_sortino": 3.790793731005354,
      "net_ann_return": 3.087211945425082,
      "max_drawdown": -0.29082271398535087,
      "calmar": 10.615443006869038,
      "avg_turnover": 0.28735632183908044,
      "median_turnover": 0.4,
      "avg_holdings": 5.0,
      "final_equity": 1.6258779743235507,
      "cost_bps": 25.0,
      "topk": 5
    },
    "top10": {
      "gross_mean_daily": 0.011248071426834729,
      "net_mean_daily": 0.010886002461317492,
      "gross_sharpe": 2.8658795005559563,
      "net_sharpe": 2.773101927077927,
      "net_sortino": 5.4078503770043325,
      "net_ann_return": 8.599888120155876,
      "max_drawdown": -0.2654229564193775,
      "calmar": 32.400694484524365,
      "avg_turnover": 0.14482758620689654,
      "median_turnover": 0.2,
      "avg_holdings": 10.0,
      "final_equity": 2.1833114990998475,
      "cost_bps": 25.0,
      "topk": 10
    }
  },
  "50.0": {
    "top5": {
      "gross_mean_daily": 0.008094676051417803,
      "net_mean_daily": 0.006657894442222399,
      "gross_sharpe": 2.1371413274381457,
      "net_sharpe": 1.7600450324799448,
      "net_sortino": 3.4148891979122062,
      "net_ann_return": 2.4137955429769065,
      "max_drawdown": -0.29680102460201796,
      "calmar": 8.132706233765349,
      "avg_turnover": 0.28735632183908044,
      "median_turnover": 0.4,
      "avg_holdings": 5.0,
      "final_equity": 1.5278963775631496,
      "cost_bps": 50.0,
      "topk": 5
    },
    "top10": {
      "gross_mean_daily": 0.011248071426834729,
      "net_mean_daily": 0.010523933495800249,
      "gross_sharpe": 2.8658795005559563,
      "net_sharpe": 2.680269703829013,
      "net_sortino": 5.219390558459058,
      "net_ann_return": 7.766926720232195,
      "max_drawdown": -0.2709394807965786,
      "calmar": 28.66664798119599,
      "avg_turnover": 0.14482758620689654,
      "median_turnover": 0.2,
      "avg_holdings": 10.0,
      "final_equity": 2.115956973334866,
      "cost_bps": 50.0,
      "topk": 10
    }
  }
}