{
  "score_topk": {
    "gross_mean_daily": 0.032693848435716155,
    "net_mean_daily": 0.030635227746060974,
    "gross_sharpe": 5.620676385838073,
    "net_sharpe": 5.271255485470987,
    "net_sortino": 15.419536293417531,
    "net_ann_return": 780.5154169626786,
    "max_drawdown": -0.20049123583715478,
    "calmar": 3893.015142032166,
    "avg_turnover": 1.3724137931034484,
    "median_turnover": 1.6,
    "avg_holdings": 5.0,
    "final_equity": 9.971310711623898
  },
  "equal_weight_all": {
    "ann_return": 1.293998446884073,
    "net_sharpe": 2.6561167110671615,
    "max_drawdown": -0.039148251077320895,
    "avg_turnover": 0.0,
    "n_days": 117
  },
  "random_topk_mean": {
    "gross_mean_daily": 0.0034693187935014047,
    "net_mean_daily": 0.0006129050003979552,
    "gross_sharpe": 0.5871090341709866,
    "net_sharpe": -0.03871398578191767,
    "net_sortino": 0.30145251500814313,
    "net_ann_return": 0.5792760128252719,
    "max_drawdown": -0.4983869714542305,
    "calmar": 1.7172028442211964,
    "avg_turnover": 1.9042758620689653,
    "median_turnover": 2.0,
    "avg_holdings": 5.0,
    "final_equity": 0.9335163435427719
  }
}