{
  "0.0": {
    "top5": {
      "gross_mean_daily": -0.0032330065605627313,
      "net_mean_daily": -0.0032330065605627313,
      "gross_sharpe": -0.7616372513671784,
      "net_sharpe": -0.7616372513671784,
      "net_sortino": -1.30222093904474,
      "net_ann_return": -0.7520447981505813,
      "max_drawdown": -0.2004547225826826,
      "calmar": -3.751694090602579,
      "avg_turnover": 0.7925925925925925,
      "median_turnover": 0.8,
      "avg_holdings": 5.0,
      "final_equity": 0.8612146656614487,
      "cost_bps": 0.0,
      "topk": 5
    },
    "top10": {
      "gross_mean_daily": -0.0030970953214111644,
      "net_mean_daily": -0.0030970953214111644,
      "gross_sharpe": -0.9220739516518073,
      "net_sharpe": -0.9220739516518073,
      "net_sortino": -1.6056916416537708,
      "net_ann_return": -0.67954919368451,
      "max_drawdown": -0.2183718001969609,
      "calmar": -3.1118907893257153,
      "avg_turnover": 0.5925925925925926,
      "median_turnover": 0.6000000000000001,
      "avg_holdings": 10.0,
      "final_equity": 0.8852090818202943,
      "cost_bps": 0.0,
      "topk": 10
    }
  },
  "5.0": {
    "top5": {
      "gross_mean_daily": -0.0032330065605627313,
      "net_mean_daily": -0.003629302856859029,
      "gross_sharpe": -0.7616372513671784,
      "net_sharpe": -0.8554651053700378,
      "net_sortino": -1.4601223696954362,
      "net_ann_return": -0.7756636117510312,
      "max_drawdown": -0.20305964619315497,
      "calmar": -3.819880642406824,
      "avg_turnover": 0.7925925925925925,
      "median_turnover": 0.8,
      "avg_holdings": 5.0,
      "final_equity": 0.852027361787635,
      "cost_bps": 5.0,
      "topk": 5
    },
    "top10": {
      "gross_mean_daily": -0.0030970953214111644,
      "net_mean_daily": -0.00339339161770746,
      "gross_sharpe": -0.9220739516518073,
      "net_sharpe": -1.010479873263246,
      "net_sortino": -1.7564899128568658,
      "net_ann_return": -0.7027032095008481,
      "max_drawdown": -0.22020506505817916,
      "calmar": -3.191131000152061,
      "avg_turnover": 0.5925925925925926,
      "median_turnover": 0.6000000000000001,
      "avg_holdings": 10.0,
      "final_equity": 0.8781245015790512,
      "cost_bps": 5.0,
      "topk": 10
    }
  },
  "10.0": {
    "top5": {
      "gross_mean_daily": -0.0032330065605627313,
      "net_mean_daily": -0.004025599153155326,
      "gross_sharpe": -0.7616372513671784,
      "net_sharpe": -0.9493887343221679,
      "net_sortino": -1.6176181207998352,
      "net_ann_return": -0.7970424467917006,
      "max_drawdown": -0.20565732620120003,
      "calmar": -3.8755849913562384,
      "avg_turnover": 0.7925925925925925,
      "median_turnover": 0.8,
      "avg_holdings": 5.0,
      "final_equity": 0.84293369853628,
      "cost_bps": 10.0,
      "topk": 5
    },
    "top10": {
      "gross_mean_daily": -0.0030970953214111644,
      "net_mean_daily": -0.0036896879140037564,
      "gross_sharpe": -0.9220739516518073,
      "net_sharpe": -1.0989127050455936,
      "net_sortino": -1.9067737650368475,
      "net_ann_return": -0.7241916577475334,
      "max_drawdown": -0.22203473034590626,
      "calmar": -3.2616143277047644,
      "avg_turnover": 0.5925925925925926,
      "median_turnover": 0.6000000000000001,
      "avg_holdings": 10.0,
      "final_equity": 0.8710941122729053,
      "cost_bps": 10.0,
      "topk": 10
    }
  },
  "15.0": {
    "top5": {
      "gross_mean_daily": -0.0032330065605627313,
      "net_mean_daily": -0.004421895449451621,
      "gross_sharpe": -0.7616372513671784,
      "net_sharpe": -1.0434062231512546,
      "net_sortino": -1.7746998643427994,
      "net_ann_return": -0.8163928091623167,
      "max_drawdown": -0.2082477794149531,
      "calmar": -3.920295387792144,
      "avg_turnover": 0.7925925925925925,
      "median_turnover": 0.8,
      "avg_holdings": 5.0,
      "final_equity": 0.8339327655740997,
      "cost_bps": 15.0,
      "topk": 5
    },
    "top10": {
      "gross_mean_daily": -0.0030970953214111644,
      "net_mean_daily": -0.003985984210300053,
      "gross_sharpe": -0.9220739516518073,
      "net_sharpe": -1.1873708428235112,
      "net_sortino": -2.0565382282538347,
      "net_ann_return": -0.744133816639262,
      "max_drawdown": -0.22386080178698897,
      "calmar": -3.3240916261168674,
      "avg_turnover": 0.5925925925925926,
      "median_turnover": 0.6000000000000001,
      "avg_holdings": 10.0,
      "final_equity": 0.8641175184017094,
      "cost_bps": 15.0,
      "topk": 10
    }
  },
  "25.0": {
    "top5": {
      "gross_mean_daily": -0.0032330065605627313,
      "net_mean_daily": -0.005214488042044214,
      "gross_sharpe": -0.7616372513671784,
      "net_sharpe": -1.2317150576475733,
      "net_sortino": -2.087588724000207,
      "net_ann_return": -0.8497565844905821,
      "max_drawdown": -0.21340707253424973,
      "calmar": -3.981857650712221,
      "avg_turnover": 0.7925925925925925,
      "median_turnover": 0.8,
      "avg_holdings": 5.0,
      "final_equity": 0.8162054912376665,
      "cost_bps": 25.0,
      "topk": 5
    },
    "top10": {
      "gross_mean_daily": -0.0030970953214111644,
      "net_mean_daily": -0.004578576802892647,
      "gross_sharpe": -0.9220739516518073,
      "net_sharpe": -1.3643566041275277,
      "net_sortino": -2.3544897790130506,
      "net_ann_return": -0.7798144635915827,
      "max_drawdown": -0.22750218600139072,
      "calmar": -3.4277229476088986,
      "avg_turnover": 0.5925925925925926,
      "median_turnover": 0.6000000000000001,
      "avg_holdings": 10.0,
      "final_equity": 0.8503241486904778,
      "cost_bps": 25.0,
      "topk": 10
    }
  },
  "50.0": {
    "top5": {
      "gross_mean_daily": -0.0032330065605627313,
      "net_mean_daily": -0.007195969523525697,
      "gross_sharpe": -0.7616372513671784,
      "net_sharpe": -1.703993264995106,
      "net_sortino": -2.862010249749823,
      "net_ann_return": -0.909073540418728,
      "max_drawdown": -0.2261800069333354,
      "calmar": -4.019247999592865,
      "avg_turnover": 0.7925925925925925,
      "median_turnover": 0.8,
      "avg_holdings": 5.0,
      "final_equity": 0.7734479657580609,
      "cost_bps": 50.0,
      "topk": 5
    },
    "top10": {
      "gross_mean_daily": -0.0030970953214111644,
      "net_mean_daily": -0.006060058284374129,
      "gross_sharpe": -0.9220739516518073,
      "net_sharpe": -1.8071510020200054,
      "net_sortino": -3.023605973339803,
      "net_ann_return": -0.8488098822651522,
      "max_drawdown": -0.236543153745832,
      "calmar": -3.5883933600277373,
      "avg_turnover": 0.5925925925925926,
      "median_turnover": 0.6000000000000001,
      "avg_holdings": 10.0,
      "final_equity": 0.8167549842093077,
      "cost_bps": 50.0,
      "topk": 10
    }
  }
}