{
  "0.0": {
    "top5": {
      "gross_mean_daily": 0.00463180032093078,
      "net_mean_daily": 0.00463180032093078,
      "gross_sharpe": 1.178536215035866,
      "net_sharpe": 1.178536215035866,
      "net_sortino": 2.6380023328561193,
      "net_ann_return": 0.978474423221164,
      "max_drawdown": -0.1788327670263129,
      "calmar": 5.47144932937107,
      "avg_turnover": 0.9555555555555557,
      "median_turnover": 0.8,
      "avg_holdings": 5.0,
      "final_equity": 1.075844960896341,
      "cost_bps": 0.0,
      "topk": 5
    },
    "top10": {
      "gross_mean_daily": 0.010307881019387559,
      "net_mean_daily": 0.010307881019387559,
      "gross_sharpe": 2.4201619504017673,
      "net_sharpe": 2.4201619504017673,
      "net_sortino": 6.565977042723529,
      "net_ann_return": 6.793177369070598,
      "max_drawdown": -0.16567065101620215,
      "calmar": 41.00410861767688,
      "avg_turnover": 0.8222222222222223,
      "median_turnover": 0.8,
      "avg_holdings": 10.0,
      "final_equity": 1.2460654253386247,
      "cost_bps": 0.0,
      "topk": 10
    }
  },
  "5.0": {
    "top5": {
      "gross_mean_daily": 0.00463180032093078,
      "net_mean_daily": 0.004154022543153003,
      "gross_sharpe": 1.178536215035866,
      "net_sharpe": 1.0565335285754152,
      "net_sortino": 2.3613383526836857,
      "net_ann_return": 0.75334184301256,
      "max_drawdown": -0.1828852295416391,
      "calmar": 4.119205497877131,
      "avg_turnover": 0.9555555555555557,
      "median_turnover": 0.8,
      "avg_holdings": 5.0,
      "final_equity": 1.0620098969585314,
      "cost_bps": 5.0,
      "topk": 5
    },
    "top10": {
      "gross_mean_daily": 0.010307881019387559,
      "net_mean_daily": 0.009896769908276449,
      "gross_sharpe": 2.4201619504017673,
      "net_sharpe": 2.321388127189162,
      "net_sortino": 6.297793348617116,
      "net_ann_return": 6.023623612954598,
      "max_drawdown": -0.16993220883706373,
      "calmar": 35.44721541691244,
      "avg_turnover": 0.8222222222222223,
      "median_turnover": 0.8,
      "avg_holdings": 10.0,
      "final_equity": 1.2322618095107263,
      "cost_bps": 5.0,
      "topk": 10
    }
  },
  "10.0": {
    "top5": {
      "gross_mean_daily": 0.00463180032093078,
      "net_mean_daily": 0.0036762447653752224,
      "gross_sharpe": 1.178536215035866,
      "net_sharpe": 0.9346198986135161,
      "net_sortino": 2.0856147775768457,
      "net_ann_return": 0.5537169305384777,
      "max_drawdown": -0.18692044254931706,
      "calmar": 2.962313393782078,
      "avg_turnover": 0.9555555555555557,
      "median_turnover": 0.8,
      "avg_holdings": 5.0,
      "final_equity": 1.048344767655615,
      "cost_bps": 10.0,
      "topk": 5
    },
    "top10": {
      "gross_mean_daily": 0.010307881019387559,
      "net_mean_daily": 0.009485658797165338,
      "gross_sharpe": 2.4201619504017673,
      "net_sharpe": 2.222794455626848,
      "net_sortino": 6.029919138319527,
      "net_ann_return": 5.3297419973203874,
      "max_drawdown": -0.17417406029704252,
      "calmar": 30.600090439415943,
      "avg_turnover": 0.8222222222222223,
      "median_turnover": 0.8,
      "avg_holdings": 10.0,
      "final_equity": 1.2186045254762898,
      "cost_bps": 10.0,
      "topk": 10
    }
  },
  "15.0": {
    "top5": {
      "gross_mean_daily": 0.00463180032093078,
      "net_mean_daily": 0.0031984669875974457,
      "gross_sharpe": 1.178536215035866,
      "net_sharpe": 0.8127996311442268,
      "net_sortino": 1.8108748026395831,
      "net_ann_return": 0.37672215420920474,
      "max_drawdown": -0.19093846832904016,
      "calmar": 1.9730029129490791,
      "avg_turnover": 0.9555555555555557,
      "median_turnover": 0.8,
      "avg_holdings": 5.0,
      "final_equity": 1.034847582395646,
      "cost_bps": 15.0,
      "topk": 5
    },
    "top10": {
      "gross_mean_daily": 0.010307881019387559,
      "net_mean_daily": 0.009074547686054224,
      "gross_sharpe": 2.4201619504017673,
      "net_sharpe": 2.1243818976096724,
      "net_sortino": 5.414000787832358,
      "net_ann_return": 4.70412286356072,
      "max_drawdown": -0.17839628731653856,
      "calmar": 26.368950465810766,
      "avg_turnover": 0.8222222222222223,
      "median_turnover": 0.8,
      "avg_holdings": 10.0,
      "final_equity": 1.2050920910790792,
      "cost_bps": 15.0,
      "topk": 10
    }
  },
  "25.0": {
    "top5": {
      "gross_mean_daily": 0.00463180032093078,
      "net_mean_daily": 0.0022429114320418908,
      "gross_sharpe": 1.178536215035866,
      "net_sharpe": 0.5694563004967468,
      "net_sortino": 1.164203491027272,
      "net_ann_return": 0.08069276705286943,
      "max_drawdown": -0.19892320639074812,
      "calmar": 0.4056478302182484,
      "avg_turnover": 0.9555555555555557,
      "median_turnover": 0.8,
      "avg_holdings": 5.0,
      "final_equity": 1.008349192402142,
      "cost_bps": 25.0,
      "topk": 5
    },
    "top10": {
      "gross_mean_daily": 0.010307881019387559,
      "net_mean_daily": 0.008252325463832004,
      "gross_sharpe": 2.4201619504017673,
      "net_sharpe": 1.9281038963921182,
      "net_sortino": 4.91615613580824,
      "net_ann_return": 3.6315755978580624,
      "max_drawdown": -0.1867821941989276,
      "calmar": 19.442836151560048,
      "avg_turnover": 0.8222222222222223,
      "median_turnover": 0.8,
      "avg_holdings": 10.0,
      "final_equity": 1.1784959140352864,
      "cost_bps": 25.0,
      "topk": 10
    }
  },
  "50.0": {
    "top5": {
      "gross_mean_daily": 0.00463180032093078,
      "net_mean_daily": -0.00014597745684699832,
      "gross_sharpe": 1.178536215035866,
      "net_sharpe": -0.036971034318995934,
      "net_sortino": -0.07550308276371945,
      "net_ann_return": -0.41075157017393016,
      "max_drawdown": -0.21858859882196702,
      "calmar": -1.8791079332851859,
      "avg_turnover": 0.9555555555555557,
      "median_turnover": 0.8,
      "avg_holdings": 5.0,
      "final_equity": 0.944907112282791,
      "cost_bps": 50.0,
      "topk": 5
    },
    "top10": {
      "gross_mean_daily": 0.010307881019387559,
      "net_mean_daily": 0.006196769908276446,
      "gross_sharpe": 2.4201619504017673,
      "net_sharpe": 1.440642896292823,
      "net_sortino": 3.506705993575572,
      "net_ann_return": 1.749117420068822,
      "max_drawdown": -0.20740920993728262,
      "calmar": 8.433171413117552,
      "avg_turnover": 0.8222222222222223,
      "median_turnover": 0.8,
      "avg_holdings": 10.0,
      "final_equity": 1.1144393130834438,
      "cost_bps": 50.0,
      "topk": 10
    }
  }
}