{
  "score_topk": {
    "gross_mean_daily": 0.014294723051439398,
    "net_mean_daily": 0.01210492713307205,
    "gross_sharpe": 1.984004057346958,
    "net_sharpe": 1.679070549889832,
    "net_sortino": 3.2275424719526344,
    "net_ann_return": 3.6458665459236057,
    "max_drawdown": -0.5714229946608212,
    "calmar": 6.3803287231751975,
    "avg_turnover": 1.4598639455782312,
    "median_turnover": 1.6,
    "avg_holdings": 5.0,
    "final_equity": 2.449752781196571
  },
  "equal_weight_all": {
    "ann_return": -0.267227725361171,
    "net_sharpe": -1.0034898859162722,
    "max_drawdown": -0.1969551647432548,
    "avg_turnover": 0.0,
    "n_days": 117
  },
  "random_topk_mean": {
    "gross_mean_daily": -0.0013880207175492626,
    "net_mean_daily": -0.004248143166528857,
    "gross_sharpe": -0.35094776802495536,
    "net_sharpe": -0.8811457415898041,
    "net_sortino": -1.2547103286477777,
    "net_ann_return": -0.7294599831708166,
    "max_drawdown": -0.7832193443678034,
    "calmar": -0.8942651594977261,
    "avg_turnover": 1.906748299319728,
    "median_turnover": 2.0,
    "avg_holdings": 5.0,
    "final_equity": 0.38924477887245523
  }
}