{
  "0.0": {
    "top5": {
      "gross_mean_daily": -0.001752113282930588,
      "net_mean_daily": -0.001752113282930588,
      "gross_sharpe": -0.4529665106105346,
      "net_sharpe": -0.4529665106105346,
      "net_sortino": -0.818059040568531,
      "net_ann_return": -0.5958785460989244,
      "max_drawdown": -0.21559597097322003,
      "calmar": -2.763866798652637,
      "avg_turnover": 0.1259259259259259,
      "median_turnover": 0.0,
      "avg_holdings": 5.0,
      "final_equity": 0.9074873115018047,
      "cost_bps": 0.0,
      "topk": 5
    },
    "top10": {
      "gross_mean_daily": 0.016966407333637582,
      "net_mean_daily": 0.016966407333637582,
      "gross_sharpe": 3.503826884952375,
      "net_sharpe": 3.503826884952375,
      "net_sortino": 10.474957097274736,
      "net_ann_return": 33.95505777503622,
      "max_drawdown": -0.1395349385452943,
      "calmar": 243.34448510736794,
      "avg_turnover": 0.19259259259259262,
      "median_turnover": 0.2,
      "avg_holdings": 10.0,
      "final_equity": 1.4634438841204007,
      "cost_bps": 0.0,
      "topk": 10
    }
  },
  "5.0": {
    "top5": {
      "gross_mean_daily": -0.001752113282930588,
      "net_mean_daily": -0.0018150762458935506,
      "gross_sharpe": -0.4529665106105346,
      "net_sharpe": -0.469211918926082,
      "net_sortino": -0.8452951332938796,
      "net_ann_return": -0.6023603747701953,
      "max_drawdown": -0.21559597097322103,
      "calmar": -2.7939315008916377,
      "avg_turnover": 0.1259259259259259,
      "median_turnover": 0.0,
      "avg_holdings": 5.0,
      "final_equity": 0.9059165158793561,
      "cost_bps": 5.0,
      "topk": 5
    },
    "top10": {
      "gross_mean_daily": 0.016966407333637582,
      "net_mean_daily": 0.016870111037341286,
      "gross_sharpe": 3.503826884952375,
      "net_sharpe": 3.482786577835098,
      "net_sortino": 10.396652809643475,
      "net_ann_return": 33.10903163773284,
      "max_drawdown": -0.14014699523682983,
      "calmar": 236.24503387708543,
      "avg_turnover": 0.19259259259259262,
      "median_turnover": 0.2,
      "avg_holdings": 10.0,
      "final_equity": 1.4596072304411927,
      "cost_bps": 5.0,
      "topk": 10
    }
  },
  "10.0": {
    "top5": {
      "gross_mean_daily": -0.001752113282930588,
      "net_mean_daily": -0.0018780392088565123,
      "gross_sharpe": -0.4529665106105346,
      "net_sharpe": -0.4854525156220487,
      "net_sortino": -0.8723799143239517,
      "net_ann_return": -0.6087407905224906,
      "max_drawdown": -0.21559597097322236,
      "calmar": -2.823525819020405,
      "avg_turnover": 0.1259259259259259,
      "median_turnover": 0.0,
      "avg_holdings": 5.0,
      "final_equity": 0.9043478074121789,
      "cost_bps": 10.0,
      "topk": 5
    },
    "top10": {
      "gross_mean_daily": 0.016966407333637582,
      "net_mean_daily": 0.01677381474104499,
      "gross_sharpe": 3.503826884952375,
      "net_sharpe": 3.4617547365080736,
      "net_sortino": 10.31843983442261,
      "net_ann_return": 32.283306141054965,
      "max_drawdown": -0.1407586788116476,
      "calmar": 229.35215372420936,
      "avg_turnover": 0.19259259259259262,
      "median_turnover": 0.2,
      "avg_holdings": 10.0,
      "final_equity": 1.4557798106346476,
      "cost_bps": 10.0,
      "topk": 10
    }
  },
  "15.0": {
    "top5": {
      "gross_mean_daily": -0.001752113282930588,
      "net_mean_daily": -0.0019410021718194762,
      "gross_sharpe": -0.4529665106105346,
      "net_sharpe": -0.5016880428196231,
      "net_sortino": -0.8993134580598995,
      "net_ann_return": -0.6150213403360762,
      "max_drawdown": -0.21559597097322303,
      "calmar": -2.852656928406186,
      "avg_turnover": 0.1259259259259259,
      "median_turnover": 0.0,
      "avg_holdings": 5.0,
      "final_equity": 0.9027811841049089,
      "cost_bps": 15.0,
      "topk": 5
    },
    "top10": {
      "gross_mean_daily": 0.016966407333637582,
      "net_mean_daily": 0.016677518444748695,
      "gross_sharpe": 3.503826884952375,
      "net_sharpe": 3.440731457490555,
      "net_sortino": 10.240323059539984,
      "net_ann_return": 31.47739833942463,
      "max_drawdown": -0.14136998945926926,
      "calmar": 222.65969219917827,
      "avg_turnover": 0.19259259259259262,
      "median_turnover": 0.2,
      "avg_holdings": 10.0,
      "final_equity": 1.4519616042252597,
      "cost_bps": 15.0,
      "topk": 10
    }
  },
  "25.0": {
    "top5": {
      "gross_mean_daily": -0.001752113282930588,
      "net_mean_daily": -0.002066928097745403,
      "gross_sharpe": -0.4529665106105346,
      "net_sharpe": -0.5341428590314085,
      "net_sortino": -0.9527272500913486,
      "net_ann_return": -0.6272889154221797,
      "max_drawdown": -0.2162485721094186,
      "calmar": -2.900777144100077,
      "avg_turnover": 0.1259259259259259,
      "median_turnover": 0.0,
      "avg_holdings": 5.0,
      "final_equity": 0.8996541849947199,
      "cost_bps": 25.0,
      "topk": 5
    },
    "top10": {
      "gross_mean_daily": 0.016966407333637582,
      "net_mean_daily": 0.0164849258521561,
      "gross_sharpe": 3.503826884952375,
      "net_sharpe": 3.3987109708415666,
      "net_sortino": 10.084397286273857,
      "net_ann_return": 29.92316072721342,
      "max_drawdown": -0.142591492730624,
      "calmar": 209.85235622389308,
      "avg_turnover": 0.19259259259259262,
      "median_turnover": 0.2,
      "avg_holdings": 10.0,
      "final_equity": 1.4443527499052278,
      "cost_bps": 25.0,
      "topk": 10
    }
  },
  "50.0": {
    "top5": {
      "gross_mean_daily": -0.001752113282930588,
      "net_mean_daily": -0.002381742912560218,
      "gross_sharpe": -0.4529665106105346,
      "net_sharpe": -0.6151732064176764,
      "net_sortino": -1.0836247433462864,
      "net_ann_return": -0.6563141428934298,
      "max_drawdown": -0.21788760952363306,
      "calmar": -3.012168265672908,
      "avg_turnover": 0.1259259259259259,
      "median_turnover": 0.0,
      "avg_holdings": 5.0,
      "final_equity": 0.8918730380767476,
      "cost_bps": 50.0,
      "topk": 5
    },
    "top10": {
      "gross_mean_daily": 0.016966407333637582,
      "net_mean_daily": 0.016003444370674618,
      "gross_sharpe": 3.503826884952375,
      "net_sharpe": 3.293816288318754,
      "net_sortino": 9.696593952437944,
      "net_ann_return": 26.352698006475624,
      "max_drawdown": -0.14563873793476034,
      "calmar": 180.9456630838116,
      "avg_turnover": 0.19259259259259262,
      "median_turnover": 0.2,
      "avg_holdings": 10.0,
      "final_equity": 1.4254904233114234,
      "cost_bps": 50.0,
      "topk": 10
    }
  }
}