{
  "0.0": {
    "top5": {
      "gross_mean_daily": 0.014163213519542743,
      "net_mean_daily": 0.014163213519542743,
      "gross_sharpe": 2.737142037858119,
      "net_sharpe": 2.737142037858119,
      "net_sortino": 5.891418280867113,
      "net_ann_return": 14.397902678501039,
      "max_drawdown": -0.3297492884878086,
      "calmar": 43.663180425602924,
      "avg_turnover": 0.7747126436781612,
      "median_turnover": 0.8,
      "avg_holdings": 5.0,
      "final_equity": 2.570141124241404,
      "cost_bps": 0.0,
      "topk": 5
    },
    "top10": {
      "gross_mean_daily": 0.02131395329395611,
      "net_mean_daily": 0.02131395329395611,
      "gross_sharpe": 3.6611827293271784,
      "net_sharpe": 3.6611827293271784,
      "net_sortino": 11.895224647803342,
      "net_ann_return": 81.52253850561434,
      "max_drawdown": -0.30090968453032507,
      "calmar": 270.92028836688286,
      "avg_turnover": 0.7839080459770117,
      "median_turnover": 0.8,
      "avg_holdings": 10.0,
      "final_equity": 4.588533075328498,
      "cost_bps": 0.0,
      "topk": 10
    }
  },
  "5.0": {
    "top5": {
      "gross_mean_daily": 0.014163213519542743,
      "net_mean_daily": 0.013775857197703665,
      "gross_sharpe": 2.737142037858119,
      "net_sharpe": 2.6623010691878153,
      "net_sortino": 5.727458680616863,
      "net_ann_return": 12.975639921656414,
      "max_drawdown": -0.3316113236259979,
      "calmar": 39.12906163678427,
      "avg_turnover": 0.7747126436781612,
      "median_turnover": 0.8,
      "avg_holdings": 5.0,
      "final_equity": 2.485569693647538,
      "cost_bps": 5.0,
      "topk": 5
    },
    "top10": {
      "gross_mean_daily": 0.02131395329395611,
      "net_mean_daily": 0.020921999270967596,
      "gross_sharpe": 3.6611827293271784,
      "net_sharpe": 3.593937888599274,
      "net_sortino": 11.69525065842656,
      "net_ann_return": 73.86867111937461,
      "max_drawdown": -0.30239032681100986,
      "calmar": 244.28252020540762,
      "avg_turnover": 0.7839080459770117,
      "median_turnover": 0.8,
      "avg_holdings": 10.0,
      "final_equity": 4.436901679234941,
      "cost_bps": 5.0,
      "topk": 10
    }
  },
  "10.0": {
    "top5": {
      "gross_mean_daily": 0.014163213519542743,
      "net_mean_daily": 0.013388500875864583,
      "gross_sharpe": 2.737142037858119,
      "net_sharpe": 2.587442509419799,
      "net_sortino": 5.5634796674378295,
      "net_ann_return": 11.684133101150351,
      "max_drawdown": -0.3334691421807082,
      "calmar": 35.03812384170658,
      "avg_turnover": 0.7747126436781612,
      "median_turnover": 0.8,
      "avg_holdings": 5.0,
      "final_equity": 2.4037409044506557,
      "cost_bps": 10.0,
      "topk": 5
    },
    "top10": {
      "gross_mean_daily": 0.02131395329395611,
      "net_mean_daily": 0.020530045247979092,
      "gross_sharpe": 3.6611827293271784,
      "net_sharpe": 3.526673036919005,
      "net_sortino": 11.493956174240077,
      "net_ann_return": 66.92143023301584,
      "max_drawdown": -0.3038686668171704,
      "calmar": 220.23142739182265,
      "avg_turnover": 0.7839080459770117,
      "median_turnover": 0.8,
      "avg_holdings": 10.0,
      "final_equity": 4.290209950355303,
      "cost_bps": 10.0,
      "topk": 10
    }
  },
  "15.0": {
    "top5": {
      "gross_mean_daily": 0.014163213519542743,
      "net_mean_daily": 0.013001144554025505,
      "gross_sharpe": 2.737142037858119,
      "net_sharpe": 2.5125677954872105,
      "net_sortino": 5.3994975821468,
      "net_ann_return": 10.51141762307557,
      "max_drawdown": -0.3353227516153712,
      "calmar": 31.34716499971122,
      "avg_turnover": 0.7747126436781612,
      "median_turnover": 0.8,
      "avg_holdings": 5.0,
      "final_equity": 2.3245671122879834,
      "cost_bps": 15.0,
      "topk": 5
    },
    "top10": {
      "gross_mean_daily": 0.02131395329395611,
      "net_mean_daily": 0.02013809122499058,
      "gross_sharpe": 3.6611827293271784,
      "net_sharpe": 3.459389140301275,
      "net_sortino": 11.291367527010776,
      "net_ann_return": 60.61587899142844,
      "max_drawdown": -0.30534470694588267,
      "calmar": 198.5162264560659,
      "avg_turnover": 0.7839080459770117,
      "median_turnover": 0.8,
      "avg_holdings": 10.0,
      "final_equity": 4.148299278658992,
      "cost_bps": 15.0,
      "topk": 10
    }
  },
  "25.0": {
    "top5": {
      "gross_mean_daily": 0.014163213519542743,
      "net_mean_daily": 0.012226431910347342,
      "gross_sharpe": 2.737142037858119,
      "net_sharpe": 2.3627756572583802,
      "net_sortino": 5.004930993797001,
      "net_ann_return": 8.479851729141673,
      "max_drawdown": -0.33901737292994616,
      "calmar": 25.013030028018417,
      "avg_turnover": 0.7747126436781612,
      "median_turnover": 0.8,
      "avg_holdings": 5.0,
      "final_equity": 2.1738476531337647,
      "cost_bps": 25.0,
      "topk": 5
    },
    "top10": {
      "gross_mean_daily": 0.02131395329395611,
      "net_mean_daily": 0.01935418317901358,
      "gross_sharpe": 3.6611827293271784,
      "net_sharpe": 3.324768080813176,
      "net_sortino": 10.882417766734537,
      "net_ann_return": 49.69925654626293,
      "max_drawdown": -0.3082898971521001,
      "calmar": 161.20948822913178,
      "avg_turnover": 0.7839080459770117,
      "median_turnover": 0.8,
      "avg_holdings": 10.0,
      "final_equity": 3.8782116052238864,
      "cost_bps": 25.0,
      "topk": 10
    }
  },
  "50.0": {
    "top5": {
      "gross_mean_daily": 0.014163213519542743,
      "net_mean_daily": 0.010289650301151941,
      "gross_sharpe": 2.737142037858119,
      "net_sharpe": 1.9881133394205874,
      "net_sortino": 4.113029357132122,
      "net_ann_return": 4.829253768585631,
      "max_drawdown": -0.3481807871966469,
      "calmar": 13.869960509464518,
      "avg_turnover": 0.7747126436781612,
      "median_turnover": 0.8,
      "avg_holdings": 5.0,
      "final_equity": 1.8378868090568765,
      "cost_bps": 50.0,
      "topk": 5
    },
    "top10": {
      "gross_mean_daily": 0.02131395329395611,
      "net_mean_daily": 0.017394413064071045,
      "gross_sharpe": 3.6611827293271784,
      "net_sharpe": 2.987949925375522,
      "net_sortino": 9.465803774760916,
      "net_ann_return": 30.110503043831358,
      "max_drawdown": -0.3156127923318106,
      "calmar": 95.40330359005262,
      "avg_turnover": 0.7839080459770117,
      "median_turnover": 0.8,
      "avg_holdings": 10.0,
      "final_equity": 3.2764864829154567,
      "cost_bps": 50.0,
      "topk": 10
    }
  }
}