{
  "score_topk": {
    "gross_mean_daily": 0.01978646125675807,
    "net_mean_daily": 0.017996806084344282,
    "gross_sharpe": 2.0736396205243657,
    "net_sharpe": 1.8872821495269938,
    "net_sortino": 6.621940524255652,
    "net_ann_return": 12.798591538479123,
    "max_drawdown": -0.5455898371877875,
    "calmar": 23.458266019809486,
    "avg_turnover": 1.193103448275862,
    "median_turnover": 1.2,
    "avg_holdings": 5.0,
    "final_equity": 2.474653404807686
  },
  "equal_weight_all": {
    "ann_return": 1.293998446884073,
    "net_sharpe": 2.6561167110671615,
    "max_drawdown": -0.039148251077320895,
    "avg_turnover": 0.0,
    "n_days": 117
  },
  "random_topk_mean": {
    "gross_mean_daily": 0.0034693187935014047,
    "net_mean_daily": 0.0006129050003979552,
    "gross_sharpe": 0.5871090341709866,
    "net_sharpe": -0.03871398578191767,
    "net_sortino": 0.30145251500814313,
    "net_ann_return": 0.5792760128252719,
    "max_drawdown": -0.4983869714542305,
    "calmar": 1.7172028442211964,
    "avg_turnover": 1.9042758620689653,
    "median_turnover": 2.0,
    "avg_holdings": 5.0,
    "final_equity": 0.9335163435427719
  }
}