{
    "test_prediction_metrics": {
        "mse": 0.00037810473552238034,
        "IC": 0.027644377064044934,
        "RIC": 0.02620055857559448,
        "ICIR": 0.29492593579183474,
        "RICIR": 0.2562892884182276,
        "prec_10": 0.48270042194092827
    },
    "test_backtest": {
        "gross_mean_daily": 0.0006855310649190584,
        "net_mean_daily": 0.0004990331746236999,
        "gross_sharpe": 0.6008558817769544,
        "net_sharpe": 0.4373218843187806,
        "net_sortino": 0.6828462471602557,
        "net_ann_return": 0.08848682843445133,
        "max_drawdown": -0.31986489022778075,
        "calmar": 0.27663814046975227,
        "avg_turnover": 0.1864978902953586,
        "median_turnover": 0.0,
        "avg_holdings": 5.0,
        "final_equity": 1.0830071460495814
    }
}