{
  "0.0": {
    "top5": {
      "gross_mean_daily": 0.011856469849857837,
      "net_mean_daily": 0.011856469849857837,
      "gross_sharpe": 2.123163824872404,
      "net_sharpe": 2.123163824872404,
      "net_sortino": 4.606357039225302,
      "net_ann_return": 6.6138264804959865,
      "max_drawdown": -0.3064386284843533,
      "calmar": 21.582874565084747,
      "avg_turnover": 0.7425287356321838,
      "median_turnover": 0.8,
      "avg_holdings": 5.0,
      "final_equity": 2.01540778522385,
      "cost_bps": 0.0,
      "topk": 5
    },
    "top10": {
      "gross_mean_daily": 0.01085848218821432,
      "net_mean_daily": 0.01085848218821432,
      "gross_sharpe": 2.33143515896142,
      "net_sharpe": 2.33143515896142,
      "net_sortino": 4.698554092428737,
      "net_ann_return": 6.824533261644955,
      "max_drawdown": -0.3470919482823043,
      "calmar": 19.662032770851308,
      "avg_turnover": 0.6873563218390805,
      "median_turnover": 0.6000000000000001,
      "avg_holdings": 10.0,
      "final_equity": 2.0344915497947937,
      "cost_bps": 0.0,
      "topk": 10
    }
  },
  "5.0": {
    "top5": {
      "gross_mean_daily": 0.011856469849857837,
      "net_mean_daily": 0.011485205482041742,
      "gross_sharpe": 2.123163824872404,
      "net_sharpe": 2.0566904510976283,
      "net_sortino": 4.458565590690505,
      "net_ann_return": 5.935818422315614,
      "max_drawdown": -0.3092184608976186,
      "calmar": 19.196196776432927,
      "avg_turnover": 0.7425287356321838,
      "median_turnover": 0.8,
      "avg_holdings": 5.0,
      "final_equity": 1.9515468110457397,
      "cost_bps": 5.0,
      "topk": 5
    },
    "top10": {
      "gross_mean_daily": 0.01085848218821432,
      "net_mean_daily": 0.01051480402729478,
      "gross_sharpe": 2.33143515896142,
      "net_sharpe": 2.2575022667264752,
      "net_sortino": 4.5502012573740425,
      "net_ann_return": 6.17805520841083,
      "max_drawdown": -0.35227973400508705,
      "calmar": 17.537356288295822,
      "avg_turnover": 0.6873563218390805,
      "median_turnover": 0.6000000000000001,
      "avg_holdings": 10.0,
      "final_equity": 1.9748138080170605,
      "cost_bps": 5.0,
      "topk": 10
    }
  },
  "10.0": {
    "top5": {
      "gross_mean_daily": 0.011856469849857837,
      "net_mean_daily": 0.011113941114225654,
      "gross_sharpe": 2.123163824872404,
      "net_sharpe": 1.9902078945469752,
      "net_sortino": 4.310918897415231,
      "net_ann_return": 5.317910859142514,
      "max_drawdown": -0.3119887122551135,
      "calmar": 17.045202759697947,
      "avg_turnover": 0.7425287356321838,
      "median_turnover": 0.8,
      "avg_holdings": 5.0,
      "final_equity": 1.8896808770946953,
      "cost_bps": 10.0,
      "topk": 5
    },
    "top10": {
      "gross_mean_daily": 0.01085848218821432,
      "net_mean_daily": 0.010171125866375237,
      "gross_sharpe": 2.33143515896142,
      "net_sharpe": 2.1835694000335772,
      "net_sortino": 4.4017302023134866,
      "net_ann_return": 5.584754349838346,
      "max_drawdown": -0.3574281606028419,
      "calmar": 15.624830288703105,
      "avg_turnover": 0.6873563218390805,
      "median_turnover": 0.6000000000000001,
      "avg_holdings": 10.0,
      "final_equity": 1.9168628683966342,
      "cost_bps": 10.0,
      "topk": 10
    }
  },
  "15.0": {
    "top5": {
      "gross_mean_daily": 0.011856469849857837,
      "net_mean_daily": 0.010742676746409557,
      "gross_sharpe": 2.123163824872404,
      "net_sharpe": 1.9237170123190248,
      "net_sortino": 4.163426090836233,
      "net_ann_return": 4.754800748046982,
      "max_drawdown": -0.31474941052896743,
      "calmar": 15.106623202378566,
      "avg_turnover": 0.7425287356321838,
      "median_turnover": 0.8,
      "avg_holdings": 5.0,
      "final_equity": 1.8297485434742797,
      "cost_bps": 15.0,
      "topk": 5
    },
    "top10": {
      "gross_mean_daily": 0.01085848218821432,
      "net_mean_daily": 0.0098274477054557,
      "gross_sharpe": 2.33143515896142,
      "net_sharpe": 2.1096374988055797,
      "net_sortino": 4.253150481344681,
      "net_ann_return": 5.04027590517352,
      "max_drawdown": -0.3625375127055781,
      "calmar": 13.90277068859602,
      "avg_turnover": 0.6873563218390805,
      "median_turnover": 0.6000000000000001,
      "avg_holdings": 10.0,
      "final_equity": 1.8605894489410972,
      "cost_bps": 15.0,
      "topk": 10
    }
  },
  "25.0": {
    "top5": {
      "gross_mean_daily": 0.011856469849857837,
      "net_mean_daily": 0.010000148010777376,
      "gross_sharpe": 2.123163824872404,
      "net_sharpe": 1.7907137007363982,
      "net_sortino": 3.8228381602026524,
      "net_ann_return": 3.7740488257144893,
      "max_drawdown": -0.3245817165553312,
      "calmar": 11.627422720402993,
      "avg_turnover": 0.7425287356321838,
      "median_turnover": 0.8,
      "avg_holdings": 5.0,
      "final_equity": 1.7154481866524995,
      "cost_bps": 25.0,
      "topk": 5
    },
    "top10": {
      "gross_mean_daily": 0.01085848218821432,
      "net_mean_daily": 0.009140091383616617,
      "gross_sharpe": 2.33143515896142,
      "net_sharpe": 1.9617803502464106,
      "net_sortino": 3.900922012657259,
      "net_ann_return": 4.08211348626246,
      "max_drawdown": -0.37264012216781073,
      "calmar": 10.954573175062484,
      "avg_turnover": 0.6873563218390805,
      "median_turnover": 0.6000000000000001,
      "avg_holdings": 10.0,
      "final_equity": 1.7528849392690038,
      "cost_bps": 25.0,
      "topk": 10
    }
  },
  "50.0": {
    "top5": {
      "gross_mean_daily": 0.011856469849857837,
      "net_mean_daily": 0.008143826171696913,
      "gross_sharpe": 2.123163824872404,
      "net_sharpe": 1.4581197658818792,
      "net_sortino": 3.0646202350508425,
      "net_ann_return": 1.9901612432215665,
      "max_drawdown": -0.3548447973830051,
      "calmar": 5.608540009304007,
      "avg_turnover": 0.7425287356321838,
      "median_turnover": 0.8,
      "avg_holdings": 5.0,
      "final_equity": 1.4595799886952352,
      "cost_bps": 50.0,
      "topk": 5
    },
    "top10": {
      "gross_mean_daily": 0.01085848218821432,
      "net_mean_daily": 0.007421700579018914,
      "gross_sharpe": 2.33143515896142,
      "net_sharpe": 1.5922200723420072,
      "net_sortino": 3.1677433018922385,
      "net_ann_return": 2.2979154271999067,
      "max_drawdown": -0.3972323924691754,
      "calmar": 5.784813803603483,
      "avg_turnover": 0.6873563218390805,
      "median_turnover": 0.6000000000000001,
      "avg_holdings": 10.0,
      "final_equity": 1.5097881862110294,
      "cost_bps": 50.0,
      "topk": 10
    }
  }
}