{
    "test_prediction_metrics": {
        "mse": 0.00037810649808877375,
        "IC": 0.023483404062140778,
        "RIC": 0.031951620877793845,
        "ICIR": 0.23507127262489164,
        "RICIR": 0.3052070586977064,
        "prec_10": 0.48691983122362864
    },
    "test_backtest": {
        "gross_mean_daily": -0.0009830109896148131,
        "net_mean_daily": -0.0010378633102899185,
        "gross_sharpe": -1.00083876886178,
        "net_sharpe": -1.0568232371573685,
        "net_sortino": -1.3239457372000916,
        "net_ann_return": -0.25363108833143855,
        "max_drawdown": -0.3097244737544803,
        "calmar": -0.818892628199843,
        "avg_turnover": 0.05485232067510549,
        "median_turnover": 0.0,
        "avg_holdings": 5.0,
        "final_equity": 0.7594791064138376
    }
}