{
  "0.0": {
    "top5": {
      "gross_mean_daily": 0.007093268666140758,
      "net_mean_daily": 0.007093268666140758,
      "gross_sharpe": 1.9093137606151782,
      "net_sharpe": 1.9093137606151782,
      "net_sortino": 3.507416781259287,
      "net_ann_return": 2.8668048825043253,
      "max_drawdown": -0.2636260153473994,
      "calmar": 10.874514333176304,
      "avg_turnover": 0.2735632183908045,
      "median_turnover": 0.4,
      "avg_holdings": 5.0,
      "final_equity": 1.5950576152934604,
      "cost_bps": 0.0,
      "topk": 5
    },
    "top10": {
      "gross_mean_daily": 0.011412854366505923,
      "net_mean_daily": 0.011412854366505923,
      "gross_sharpe": 2.948356155138527,
      "net_sharpe": 2.948356155138527,
      "net_sortino": 5.725905133348275,
      "net_ann_return": 10.092041483929362,
      "max_drawdown": -0.2262870095040641,
      "calmar": 44.5984129005139,
      "avg_turnover": 0.10574712643678157,
      "median_turnover": 0.0,
      "avg_holdings": 10.0,
      "final_equity": 2.2949740259163365,
      "cost_bps": 0.0,
      "topk": 10
    }
  },
  "5.0": {
    "top5": {
      "gross_mean_daily": 0.007093268666140758,
      "net_mean_daily": 0.0069564870569453555,
      "gross_sharpe": 1.9093137606151782,
      "net_sharpe": 1.8722959500802958,
      "net_sortino": 3.437760912430947,
      "net_ann_return": 2.735905148039853,
      "max_drawdown": -0.2645560165140408,
      "calmar": 10.341496610357032,
      "avg_turnover": 0.2735632183908045,
      "median_turnover": 0.4,
      "avg_holdings": 5.0,
      "final_equity": 1.576205541252928,
      "cost_bps": 5.0,
      "topk": 5
    },
    "top10": {
      "gross_mean_daily": 0.011412854366505923,
      "net_mean_daily": 0.011359980803287532,
      "gross_sharpe": 2.948356155138527,
      "net_sharpe": 2.934936294605518,
      "net_sortino": 5.700281810201791,
      "net_ann_return": 9.947288414873332,
      "max_drawdown": -0.22644482382402775,
      "calmar": 43.92808917796032,
      "avg_turnover": 0.10574712643678157,
      "median_turnover": 0.0,
      "avg_holdings": 10.0,
      "final_equity": 2.284589714226409,
      "cost_bps": 5.0,
      "topk": 10
    }
  },
  "10.0": {
    "top5": {
      "gross_mean_daily": 0.007093268666140758,
      "net_mean_daily": 0.006819705447749953,
      "gross_sharpe": 1.9093137606151782,
      "net_sharpe": 1.8352786548732114,
      "net_sortino": 3.3681260969482976,
      "net_ann_return": 2.609406516346189,
      "max_drawdown": -0.26548503925210765,
      "calmar": 9.82882697905413,
      "avg_turnover": 0.2735632183908045,
      "median_turnover": 0.4,
      "avg_holdings": 5.0,
      "final_equity": 1.5575717910526543,
      "cost_bps": 10.0,
      "topk": 5
    },
    "top10": {
      "gross_mean_daily": 0.011412854366505923,
      "net_mean_daily": 0.011307107240069142,
      "gross_sharpe": 2.948356155138527,
      "net_sharpe": 2.921509489431895,
      "net_sortino": 5.674627681856215,
      "net_ann_return": 9.804400969321005,
      "max_drawdown": -0.22660262205017578,
      "calmar": 43.26693522154737,
      "avg_turnover": 0.10574712643678157,
      "median_turnover": 0.0,
      "avg_holdings": 10.0,
      "final_equity": 2.274250686926087,
      "cost_bps": 10.0,
      "topk": 10
    }
  },
  "15.0": {
    "top5": {
      "gross_mean_daily": 0.007093268666140758,
      "net_mean_daily": 0.006682923838554549,
      "gross_sharpe": 1.9093137606151782,
      "net_sharpe": 1.7982623243027305,
      "net_sortino": 3.298516170801465,
      "net_ann_return": 2.4871620254048783,
      "max_drawdown": -0.26641308438480393,
      "calmar": 9.335735259170361,
      "avg_turnover": 0.2735632183908045,
      "median_turnover": 0.4,
      "avg_holdings": 5.0,
      "final_equity": 1.5391538879987903,
      "cost_bps": 15.0,
      "topk": 5
    },
    "top10": {
      "gross_mean_daily": 0.011412854366505923,
      "net_mean_daily": 0.011254233676850751,
      "gross_sharpe": 2.948356155138527,
      "net_sharpe": 2.9080758023935105,
      "net_sortino": 5.64894303116953,
      "net_ann_return": 9.663355400789017,
      "max_drawdown": -0.22676040418250754,
      "calmar": 42.61482702671881,
      "avg_turnover": 0.10574712643678157,
      "median_turnover": 0.0,
      "avg_holdings": 10.0,
      "final_equity": 2.263956753685979,
      "cost_bps": 15.0,
      "topk": 10
    }
  },
  "25.0": {
    "top5": {
      "gross_mean_daily": 0.007093268666140758,
      "net_mean_daily": 0.006409360620163747,
      "gross_sharpe": 1.9093137606151782,
      "net_sharpe": 1.7242343525820754,
      "net_sortino": 3.1310191858453273,
      "net_ann_return": 2.254871825425175,
      "max_drawdown": -0.2682662451243063,
      "calmar": 8.405350529180188,
      "avg_turnover": 0.2735632183908045,
      "median_turnover": 0.4,
      "avg_holdings": 5.0,
      "final_equity": 1.5029558538199117,
      "cost_bps": 25.0,
      "topk": 5
    },
    "top10": {
      "gross_mean_daily": 0.011412854366505923,
      "net_mean_daily": 0.011148486550413969,
      "gross_sharpe": 2.948356155138527,
      "net_sharpe": 2.881188034478196,
      "net_sortino": 5.597483300984507,
      "net_ann_return": 9.386696397665627,
      "max_drawdown": -0.22707592016572364,
      "calmar": 41.33726020255133,
      "avg_turnover": 0.10574712643678157,
      "median_turnover": 0.0,
      "avg_holdings": 10.0,
      "final_equity": 2.243503411920135,
      "cost_bps": 25.0,
      "topk": 10
    }
  },
  "50.0": {
    "top5": {
      "gross_mean_daily": 0.007093268666140758,
      "net_mean_daily": 0.005725452574186735,
      "gross_sharpe": 1.9093137606151782,
      "net_sharpe": 1.5392126840069518,
      "net_sortino": 2.749301291204855,
      "net_ann_return": 1.7392058203881824,
      "max_drawdown": -0.27815137547309343,
      "calmar": 6.252731331721095,
      "avg_turnover": 0.2735632183908045,
      "median_turnover": 0.4,
      "avg_holdings": 5.0,
      "final_equity": 1.4160699474035165,
      "cost_bps": 50.0,
      "topk": 5
    },
    "top10": {
      "gross_mean_daily": 0.011412854366505923,
      "net_mean_daily": 0.010884118734322015,
      "gross_sharpe": 2.948356155138527,
      "net_sharpe": 2.81385260117593,
      "net_sortino": 5.468319892403883,
      "net_ann_return": 8.725676034469778,
      "max_drawdown": -0.2278644284819864,
      "calmar": 38.29327856287707,
      "avg_turnover": 0.10574712643678157,
      "median_turnover": 0.0,
      "avg_holdings": 10.0,
      "final_equity": 2.1931460281483304,
      "cost_bps": 50.0,
      "topk": 10
    }
  }
}