gamma_net,net_sharpe,gross_sharpe,turnover,max_drawdown
5.0,-1.1194404745591806,-0.608923831335627,0.5088607594936709,-0.28785615236796
