{
  "score_topk": {
    "gross_mean_daily": -0.001156394367313218,
    "net_mean_daily": -0.0015897277006465527,
    "gross_sharpe": -0.3416713123329972,
    "net_sharpe": -0.4689111504928717,
    "net_sortino": -0.7604553437552176,
    "net_ann_return": -0.5355551464416357,
    "max_drawdown": -0.17992905806126613,
    "calmar": -2.976479464791628,
    "avg_turnover": 0.2888888888888889,
    "median_turnover": 0.4,
    "avg_holdings": 5.0,
    "final_equity": 0.9211161008984727
  },
  "equal_weight_all": {
    "ann_return": -0.7091877737818268,
    "net_sharpe": -2.979558901876468,
    "max_drawdown": -0.48354255673618873,
    "avg_turnover": 0.0,
    "n_days": 117
  },
  "random_topk_mean": {
    "gross_mean_daily": -0.004063612030010888,
    "net_mean_daily": -0.006886945363344224,
    "gross_sharpe": -1.534810745436892,
    "net_sharpe": -2.395419472635973,
    "net_sortino": -3.3572908548202878,
    "net_ann_return": -0.09842934441856802,
    "max_drawdown": -0.29620432183813306,
    "calmar": 1.4913111597288968,
    "avg_turnover": 1.8822222222222225,
    "median_turnover": 2.0,
    "avg_holdings": 5.0,
    "final_equity": 0.8140606254579484
  }
}