{
  "0.0": {
    "top5": {
      "gross_mean_daily": -0.001156394367313218,
      "net_mean_daily": -0.001156394367313218,
      "gross_sharpe": -0.3416713123329972,
      "net_sharpe": -0.3416713123329972,
      "net_sortino": -0.5564320029481051,
      "net_ann_return": -0.481025751444097,
      "max_drawdown": -0.17694917563263424,
      "calmar": -2.718440194601643,
      "avg_turnover": 0.2888888888888889,
      "median_turnover": 0.4,
      "avg_holdings": 5.0,
      "final_equity": 0.9321373455410505,
      "cost_bps": 0.0,
      "topk": 5
    },
    "top10": {
      "gross_mean_daily": 0.009048083789093652,
      "net_mean_daily": 0.009048083789093652,
      "gross_sharpe": 1.9495073696534095,
      "net_sharpe": 1.9495073696534095,
      "net_sortino": 4.792132412501201,
      "net_ann_return": 4.162734808600451,
      "max_drawdown": -0.1922679490716186,
      "calmar": 21.65069544185031,
      "avg_turnover": 0.14814814814814814,
      "median_turnover": 0.2,
      "avg_holdings": 10.0,
      "final_equity": 1.1922847261828942,
      "cost_bps": 0.0,
      "topk": 10
    }
  },
  "5.0": {
    "top5": {
      "gross_mean_daily": -0.001156394367313218,
      "net_mean_daily": -0.001300838811757663,
      "gross_sharpe": -0.3416713123329972,
      "net_sharpe": -0.38413451783489916,
      "net_sortino": -0.6247180653474292,
      "net_ann_return": -0.49987371605496345,
      "max_drawdown": -0.17794347043249403,
      "calmar": -2.809171445500104,
      "avg_turnover": 0.2888888888888889,
      "median_turnover": 0.4,
      "avg_holdings": 5.0,
      "final_equity": 0.9284500352981971,
      "cost_bps": 5.0,
      "topk": 5
    },
    "top10": {
      "gross_mean_daily": 0.009048083789093652,
      "net_mean_daily": 0.008974009715019578,
      "gross_sharpe": 1.9495073696534095,
      "net_sharpe": 1.9330574958083002,
      "net_sortino": 4.744755429594832,
      "net_ann_return": 4.065710683932885,
      "max_drawdown": -0.19283485426950553,
      "calmar": 21.083899481312507,
      "avg_turnover": 0.14814814814814814,
      "median_turnover": 0.2,
      "avg_holdings": 10.0,
      "final_equity": 1.189863613513182,
      "cost_bps": 5.0,
      "topk": 10
    }
  },
  "10.0": {
    "top5": {
      "gross_mean_daily": -0.001156394367313218,
      "net_mean_daily": -0.0014452832562021072,
      "gross_sharpe": -0.3416713123329972,
      "net_sharpe": -0.4265479969453293,
      "net_sortino": -0.6927265007867217,
      "net_ann_return": -0.5180420715147921,
      "max_drawdown": -0.17893676430668937,
      "calmar": -2.8951125472683565,
      "avg_turnover": 0.2888888888888889,
      "median_turnover": 0.4,
      "avg_holdings": 5.0,
      "final_equity": 0.9247763025568885,
      "cost_bps": 10.0,
      "topk": 5
    },
    "top10": {
      "gross_mean_daily": 0.009048083789093652,
      "net_mean_daily": 0.008899935640945503,
      "gross_sharpe": 1.9495073696534095,
      "net_sharpe": 1.9166125257020301,
      "net_sortino": 4.697474982909763,
      "net_ann_return": 3.9704877789145936,
      "max_drawdown": -0.19340141843183267,
      "calmar": 20.529775898688786,
      "avg_turnover": 0.14814814814814814,
      "median_turnover": 0.2,
      "avg_holdings": 10.0,
      "final_equity": 1.1874468497872455,
      "cost_bps": 10.0,
      "topk": 10
    }
  },
  "15.0": {
    "top5": {
      "gross_mean_daily": -0.001156394367313218,
      "net_mean_daily": -0.0015897277006465527,
      "gross_sharpe": -0.3416713123329972,
      "net_sharpe": -0.4689111504928717,
      "net_sortino": -0.7604553437552176,
      "net_ann_return": -0.5355551464416357,
      "max_drawdown": -0.17992905806126613,
      "calmar": -2.976479464791628,
      "avg_turnover": 0.2888888888888889,
      "median_turnover": 0.4,
      "avg_holdings": 5.0,
      "final_equity": 0.9211161008984727,
      "cost_bps": 15.0,
      "topk": 5
    },
    "top10": {
      "gross_mean_daily": 0.009048083789093652,
      "net_mean_daily": 0.008825861566871429,
      "gross_sharpe": 1.9495073696534095,
      "net_sharpe": 1.9001725464109247,
      "net_sortino": 4.6502928848858405,
      "net_ann_return": 3.877033058800545,
      "max_drawdown": -0.19396764172956327,
      "calmar": 19.988040397923985,
      "avg_turnover": 0.14814814814814814,
      "median_turnover": 0.2,
      "avg_holdings": 10.0,
      "final_equity": 1.1850344280177771,
      "cost_bps": 15.0,
      "topk": 10
    }
  },
  "25.0": {
    "top5": {
      "gross_mean_daily": -0.001156394367313218,
      "net_mean_daily": -0.001878616589535441,
      "gross_sharpe": -0.3416713123329972,
      "net_sharpe": -0.553484107069925,
      "net_sortino": -0.8950667601863942,
      "net_ann_return": -0.5687084765644538,
      "max_drawdown": -0.18191064843331428,
      "calmar": -3.1263066866028324,
      "avg_turnover": 0.2888888888888889,
      "median_turnover": 0.4,
      "avg_holdings": 5.0,
      "final_equity": 0.913836105889554,
      "cost_bps": 25.0,
      "topk": 5
    },
    "top10": {
      "gross_mean_daily": 0.009048083789093652,
      "net_mean_daily": 0.00867771341872328,
      "gross_sharpe": 1.9495073696534095,
      "net_sharpe": 1.8673079074918328,
      "net_sortino": 4.556230815195562,
      "net_ann_return": 3.695299016486894,
      "max_drawdown": -0.19509906641473984,
      "calmar": 18.940628903946266,
      "avg_turnover": 0.14814814814814814,
      "median_turnover": 0.2,
      "avg_holdings": 10.0,
      "final_equity": 1.1802225824494017,
      "cost_bps": 25.0,
      "topk": 10
    }
  },
  "50.0": {
    "top5": {
      "gross_mean_daily": -0.001156394367313218,
      "net_mean_daily": -0.0026008388117576627,
      "gross_sharpe": -0.3416713123329972,
      "net_sharpe": -0.7639947448616581,
      "net_sortino": -1.208867461101083,
      "net_ann_return": -0.6416683166502208,
      "max_drawdown": -0.18899704272713103,
      "calmar": -3.395123581765507,
      "avg_turnover": 0.2888888888888889,
      "median_turnover": 0.4,
      "avg_holdings": 5.0,
      "final_equity": 0.895869691175422,
      "cost_bps": 50.0,
      "topk": 5
    },
    "top10": {
      "gross_mean_daily": 0.009048083789093652,
      "net_mean_daily": 0.008307343048352912,
      "gross_sharpe": 1.9495073696534095,
      "net_sharpe": 1.785239702522583,
      "net_sortino": 4.322917105668967,
      "net_ann_return": 3.2697073173434195,
      "max_drawdown": -0.19792167495140456,
      "calmar": 16.520208401276445,
      "avg_turnover": 0.14814814814814814,
      "median_turnover": 0.2,
      "avg_holdings": 10.0,
      "final_equity": 1.168268465592038,
      "cost_bps": 50.0,
      "topk": 10
    }
  }
}