{
  "score_topk": {
    "gross_mean_daily": 0.016465108205521155,
    "net_mean_daily": 0.01476510820552116,
    "gross_sharpe": 2.0057384172814148,
    "net_sharpe": 1.7983991095299041,
    "net_sortino": 5.518347348767009,
    "net_ann_return": 6.045725231232975,
    "max_drawdown": -0.5343012313368862,
    "calmar": 11.31519988470647,
    "avg_turnover": 1.1333333333333333,
    "median_turnover": 1.2,
    "avg_holdings": 5.0,
    "final_equity": 3.12336922277179
  },
  "equal_weight_all": {
    "ann_return": -0.267227725361171,
    "net_sharpe": -1.0034898859162722,
    "max_drawdown": -0.1969551647432548,
    "avg_turnover": 0.0,
    "n_days": 117
  },
  "random_topk_mean": {
    "gross_mean_daily": -0.0013880207175492626,
    "net_mean_daily": -0.004248143166528857,
    "gross_sharpe": -0.35094776802495536,
    "net_sharpe": -0.8811457415898041,
    "net_sortino": -1.2547103286477777,
    "net_ann_return": -0.7294599831708166,
    "max_drawdown": -0.7832193443678034,
    "calmar": -0.8942651594977261,
    "avg_turnover": 1.906748299319728,
    "median_turnover": 2.0,
    "avg_holdings": 5.0,
    "final_equity": 0.38924477887245523
  }
}