{
  "0.0": {
    "top5": {
      "gross_mean_daily": 0.016465108205521155,
      "net_mean_daily": 0.016465108205521155,
      "gross_sharpe": 2.0057384172814148,
      "net_sharpe": 2.0057384172814148,
      "net_sortino": 6.2444850828490575,
      "net_ann_return": 9.806352726980114,
      "max_drawdown": -0.5082571859044946,
      "calmar": 19.29407591062275,
      "avg_turnover": 1.1333333333333333,
      "median_turnover": 1.2,
      "avg_holdings": 5.0,
      "final_equity": 4.008477939485492,
      "cost_bps": 0.0,
      "topk": 5
    },
    "top10": {
      "gross_mean_daily": 0.015580913927760467,
      "net_mean_daily": 0.015580913927760467,
      "gross_sharpe": 2.6147105340433248,
      "net_sharpe": 2.6147105340433248,
      "net_sortino": 6.343935507374261,
      "net_ann_return": 17.01792651006398,
      "max_drawdown": -0.392864741893458,
      "calmar": 43.317520498278256,
      "avg_turnover": 1.125170068027211,
      "median_turnover": 1.2,
      "avg_holdings": 10.0,
      "final_equity": 5.401252411437999,
      "cost_bps": 0.0,
      "topk": 10
    }
  },
  "5.0": {
    "top5": {
      "gross_mean_daily": 0.016465108205521155,
      "net_mean_daily": 0.01589844153885449,
      "gross_sharpe": 2.0057384172814148,
      "net_sharpe": 1.9366230804327444,
      "net_sortino": 5.983197753821531,
      "net_ann_return": 8.371324572160841,
      "max_drawdown": -0.5170905185838205,
      "calmar": 16.189282671574762,
      "avg_turnover": 1.1333333333333333,
      "median_turnover": 1.2,
      "avg_holdings": 5.0,
      "final_equity": 3.6887897705192616,
      "cost_bps": 5.0,
      "topk": 5
    },
    "top10": {
      "gross_mean_daily": 0.015580913927760467,
      "net_mean_daily": 0.015018328893746859,
      "gross_sharpe": 2.6147105340433248,
      "net_sharpe": 2.5204910666193725,
      "net_sortino": 6.076592516640378,
      "net_ann_return": 14.655231992963873,
      "max_drawdown": -0.40252587235694337,
      "calmar": 36.408173981750444,
      "avg_turnover": 1.125170068027211,
      "median_turnover": 1.2,
      "avg_holdings": 10.0,
      "final_equity": 4.976049739978275,
      "cost_bps": 5.0,
      "topk": 10
    }
  },
  "10.0": {
    "top5": {
      "gross_mean_daily": 0.016465108205521155,
      "net_mean_daily": 0.015331774872187823,
      "gross_sharpe": 2.0057384172814148,
      "net_sharpe": 1.8675098293526262,
      "net_sortino": 5.728521484713475,
      "net_ann_return": 7.126119154238765,
      "max_drawdown": -0.5257710191883633,
      "calmar": 13.553655287478293,
      "avg_turnover": 1.1333333333333333,
      "median_turnover": 1.2,
      "avg_holdings": 5.0,
      "final_equity": 3.3944169852413366,
      "cost_bps": 10.0,
      "topk": 5
    },
    "top10": {
      "gross_mean_daily": 0.015580913927760467,
      "net_mean_daily": 0.014455743859733253,
      "gross_sharpe": 2.6147105340433248,
      "net_sharpe": 2.426251366351472,
      "net_sortino": 5.849592553608443,
      "net_ann_return": 12.601210975979189,
      "max_drawdown": -0.41220554027306,
      "calmar": 30.570212539116085,
      "avg_turnover": 1.125170068027211,
      "median_turnover": 1.2,
      "avg_holdings": 10.0,
      "final_equity": 4.58409476179281,
      "cost_bps": 10.0,
      "topk": 10
    }
  },
  "15.0": {
    "top5": {
      "gross_mean_daily": 0.016465108205521155,
      "net_mean_daily": 0.01476510820552116,
      "gross_sharpe": 2.0057384172814148,
      "net_sharpe": 1.7983991095299041,
      "net_sortino": 5.518347348767009,
      "net_ann_return": 6.045725231232975,
      "max_drawdown": -0.5343012313368862,
      "calmar": 11.31519988470647,
      "avg_turnover": 1.1333333333333333,
      "median_turnover": 1.2,
      "avg_holdings": 5.0,
      "final_equity": 3.12336922277179,
      "cost_bps": 15.0,
      "topk": 5
    },
    "top10": {
      "gross_mean_daily": 0.015580913927760467,
      "net_mean_daily": 0.013893158825719648,
      "gross_sharpe": 2.6147105340433248,
      "net_sharpe": 2.3319921234549463,
      "net_sortino": 5.622464776037759,
      "net_ann_return": 10.815686863320424,
      "max_drawdown": -0.4217339810888727,
      "calmar": 25.645756207194438,
      "avg_turnover": 1.125170068027211,
      "median_turnover": 1.2,
      "avg_holdings": 10.0,
      "final_equity": 4.222805392882558,
      "cost_bps": 15.0,
      "topk": 10
    }
  },
  "25.0": {
    "top5": {
      "gross_mean_daily": 0.016465108205521155,
      "net_mean_daily": 0.013631774872187821,
      "gross_sharpe": 2.0057384172814148,
      "net_sharpe": 1.6601870447203861,
      "net_sortino": 5.097273128521793,
      "net_ann_return": 4.295310638684408,
      "max_drawdown": -0.5509207620297947,
      "calmar": 7.796603313425887,
      "avg_turnover": 1.1333333333333333,
      "median_turnover": 1.2,
      "avg_holdings": 5.0,
      "final_equity": 2.6440520966514347,
      "cost_bps": 25.0,
      "topk": 5
    },
    "top10": {
      "gross_mean_daily": 0.015580913927760467,
      "net_mean_daily": 0.01276798875769244,
      "gross_sharpe": 2.6147105340433248,
      "net_sharpe": 2.1434177742707026,
      "net_sortino": 5.101715874557609,
      "net_ann_return": 7.914798981803976,
      "max_drawdown": -0.440346250942236,
      "calmar": 17.974035125427363,
      "avg_turnover": 1.125170068027211,
      "median_turnover": 1.2,
      "avg_holdings": 10.0,
      "final_equity": 3.582875689784183,
      "cost_bps": 25.0,
      "topk": 10
    }
  },
  "50.0": {
    "top5": {
      "gross_mean_daily": 0.016465108205521155,
      "net_mean_daily": 0.010798441538854486,
      "gross_sharpe": 2.0057384172814148,
      "net_sharpe": 1.3147323265962998,
      "net_sortino": 3.9783712258834485,
      "net_ann_return": 1.5888524219691966,
      "max_drawdown": -0.5908074873042507,
      "calmar": 2.6892895843554014,
      "avg_turnover": 1.1333333333333333,
      "median_turnover": 1.2,
      "avg_holdings": 5.0,
      "final_equity": 1.7417236738326227,
      "cost_bps": 50.0,
      "topk": 5
    },
    "top10": {
      "gross_mean_daily": 0.015580913927760467,
      "net_mean_daily": 0.00995506358762441,
      "gross_sharpe": 2.6147105340433248,
      "net_sharpe": 1.6716883549807167,
      "net_sortino": 3.93088792229075,
      "net_ann_return": 3.401471773628323,
      "max_drawdown": -0.48438576662949784,
      "calmar": 7.02223724964044,
      "avg_turnover": 1.125170068027211,
      "median_turnover": 1.2,
      "avg_holdings": 10.0,
      "final_equity": 2.373734383796515,
      "cost_bps": 50.0,
      "topk": 10
    }
  }
}