{
  "score_topk": {
    "gross_mean_daily": -0.008591567190510598,
    "net_mean_daily": -0.008647122746066153,
    "gross_sharpe": -2.7060843203140363,
    "net_sharpe": -2.7165034071822833,
    "net_sortino": -4.126711653676038,
    "net_ann_return": -0.9192999225326293,
    "max_drawdown": -0.2155959709733104,
    "calmar": -4.26399398086233,
    "avg_turnover": 0.037037037037037035,
    "median_turnover": 0.0,
    "avg_holdings": 5.0,
    "final_equity": 0.7636236176504475
  },
  "equal_weight_all": {
    "ann_return": -0.7091877737818268,
    "net_sharpe": -2.979558901876468,
    "max_drawdown": -0.48354255673618873,
    "avg_turnover": 0.0,
    "n_days": 117
  },
  "random_topk_mean": {
    "gross_mean_daily": -0.004063612030010888,
    "net_mean_daily": -0.006886945363344224,
    "gross_sharpe": -1.534810745436892,
    "net_sharpe": -2.395419472635973,
    "net_sortino": -3.3572908548202878,
    "net_ann_return": -0.09842934441856802,
    "max_drawdown": -0.29620432183813306,
    "calmar": 1.4913111597288968,
    "avg_turnover": 1.8822222222222225,
    "median_turnover": 2.0,
    "avg_holdings": 5.0,
    "final_equity": 0.8140606254579484
  }
}