{
  "0.0": {
    "top5": {
      "gross_mean_daily": 0.023165095241882688,
      "net_mean_daily": 0.023165095241882688,
      "gross_sharpe": 3.7697136053089166,
      "net_sharpe": 3.7697136053089166,
      "net_sortino": 9.108006711288153,
      "net_ann_return": 108.18291292541466,
      "max_drawdown": -0.3814249423328513,
      "calmar": 283.6283129872639,
      "avg_turnover": 0.6413793103448275,
      "median_turnover": 0.4,
      "avg_holdings": 5.0,
      "final_equity": 5.054155951493383,
      "cost_bps": 0.0,
      "topk": 5
    },
    "top10": {
      "gross_mean_daily": 0.02015026204370425,
      "net_mean_daily": 0.02015026204370425,
      "gross_sharpe": 4.256988748392313,
      "net_sharpe": 4.256988748392313,
      "net_sortino": 8.79407720385132,
      "net_ann_return": 76.54689546252048,
      "max_drawdown": -0.2857893165562295,
      "calmar": 267.8437962084979,
      "avg_turnover": 0.627586206896552,
      "median_turnover": 0.4,
      "avg_holdings": 10.0,
      "final_equity": 4.491067885295448,
      "cost_bps": 0.0,
      "topk": 10
    }
  },
  "5.0": {
    "top5": {
      "gross_mean_daily": 0.023165095241882688,
      "net_mean_daily": 0.022844405586710276,
      "gross_sharpe": 3.7697136053089166,
      "net_sharpe": 3.718466110816622,
      "net_sortino": 8.977989919017645,
      "net_ann_return": 99.87662279407338,
      "max_drawdown": -0.3831694944243259,
      "calmar": 260.65911886818503,
      "avg_turnover": 0.6413793103448275,
      "median_turnover": 0.4,
      "avg_holdings": 5.0,
      "final_equity": 4.917958133760859,
      "cost_bps": 5.0,
      "topk": 5
    },
    "top10": {
      "gross_mean_daily": 0.02015026204370425,
      "net_mean_daily": 0.019836468940255977,
      "gross_sharpe": 4.256988748392313,
      "net_sharpe": 4.193995324880703,
      "net_sortino": 8.66136030086335,
      "net_ann_return": 70.80964309593145,
      "max_drawdown": -0.2885228454363129,
      "calmar": 245.42126980830778,
      "avg_turnover": 0.627586206896552,
      "median_turnover": 0.4,
      "avg_holdings": 10.0,
      "final_equity": 4.373458434353237,
      "cost_bps": 5.0,
      "topk": 10
    }
  },
  "10.0": {
    "top5": {
      "gross_mean_daily": 0.023165095241882688,
      "net_mean_daily": 0.022523715931537857,
      "gross_sharpe": 3.7697136053089166,
      "net_sharpe": 3.6671724539747177,
      "net_sortino": 8.847841359587466,
      "net_ann_return": 92.19877801792825,
      "max_drawdown": -0.38490997372752056,
      "calmar": 239.53335665694294,
      "avg_turnover": 0.6413793103448275,
      "median_turnover": 0.4,
      "avg_holdings": 5.0,
      "final_equity": 4.785369006316989,
      "cost_bps": 10.0,
      "topk": 5
    },
    "top10": {
      "gross_mean_daily": 0.02015026204370425,
      "net_mean_daily": 0.019522675836807703,
      "gross_sharpe": 4.256988748392313,
      "net_sharpe": 4.130846459722956,
      "net_sortino": 8.528130065514816,
      "net_ann_return": 65.49406646075461,
      "max_drawdown": -0.2912474397627395,
      "calmar": 224.87430795574903,
      "avg_turnover": 0.627586206896552,
      "median_turnover": 0.4,
      "avg_holdings": 10.0,
      "final_equity": 4.258867160273408,
      "cost_bps": 10.0,
      "topk": 10
    }
  },
  "15.0": {
    "top5": {
      "gross_mean_daily": 0.023165095241882688,
      "net_mean_daily": 0.022203026276365438,
      "gross_sharpe": 3.7697136053089166,
      "net_sharpe": 3.615833436207595,
      "net_sortino": 8.717572379718973,
      "net_ann_return": 85.10209346210421,
      "max_drawdown": -0.3866463878798442,
      "calmar": 220.10316436301684,
      "avg_turnover": 0.6413793103448275,
      "median_turnover": 0.4,
      "avg_holdings": 5.0,
      "final_equity": 4.656294576809323,
      "cost_bps": 15.0,
      "topk": 5
    },
    "top10": {
      "gross_mean_daily": 0.02015026204370425,
      "net_mean_daily": 0.019208882733359425,
      "gross_sharpe": 4.256988748392313,
      "net_sharpe": 4.067544241230139,
      "net_sortino": 8.314404553636175,
      "net_ann_return": 60.56937811845525,
      "max_drawdown": -0.29396312395135804,
      "calmar": 206.0441367750317,
      "avg_turnover": 0.627586206896552,
      "median_turnover": 0.4,
      "avg_holdings": 10.0,
      "final_equity": 4.147218181854727,
      "cost_bps": 15.0,
      "topk": 10
    }
  },
  "25.0": {
    "top5": {
      "gross_mean_daily": 0.023165095241882688,
      "net_mean_daily": 0.021561646966020614,
      "gross_sharpe": 3.7697136053089166,
      "net_sharpe": 3.5130225407557876,
      "net_sortino": 8.373991296921904,
      "net_ann_return": 72.48049158729106,
      "max_drawdown": -0.39010705122637057,
      "calmar": 185.7964150077524,
      "avg_turnover": 0.6413793103448275,
      "median_turnover": 0.4,
      "avg_holdings": 5.0,
      "final_equity": 4.408325811852463,
      "cost_bps": 25.0,
      "topk": 5
    },
    "top10": {
      "gross_mean_daily": 0.02015026204370425,
      "net_mean_daily": 0.01858129652646287,
      "gross_sharpe": 4.256988748392313,
      "net_sharpe": 3.9404882414171856,
      "net_sortino": 7.98539717719013,
      "net_ann_return": 51.78052031087592,
      "max_drawdown": -0.29936785930757537,
      "calmar": 172.96619760875137,
      "avg_turnover": 0.627586206896552,
      "median_turnover": 0.4,
      "avg_holdings": 10.0,
      "final_equity": 3.9324528844867843,
      "cost_bps": 25.0,
      "topk": 10
    }
  },
  "50.0": {
    "top5": {
      "gross_mean_daily": 0.023165095241882688,
      "net_mean_daily": 0.019958198690158545,
      "gross_sharpe": 3.7697136053089166,
      "net_sharpe": 3.255258233600046,
      "net_sortino": 7.665178612863655,
      "net_ann_return": 48.40641407978975,
      "max_drawdown": -0.398688101950479,
      "calmar": 121.41424297051356,
      "avg_turnover": 0.6413793103448275,
      "median_turnover": 0.4,
      "avg_holdings": 5.0,
      "final_equity": 3.843780081651856,
      "cost_bps": 50.0,
      "topk": 5
    },
    "top10": {
      "gross_mean_daily": 0.02015026204370425,
      "net_mean_daily": 0.017012331009221487,
      "gross_sharpe": 4.256988748392313,
      "net_sharpe": 3.62031622577135,
      "net_sortino": 7.25039224144984,
      "net_ann_return": 34.88598459012337,
      "max_drawdown": -0.31457695083373816,
      "calmar": 110.89809503700924,
      "avg_turnover": 0.627586206896552,
      "median_turnover": 0.4,
      "avg_holdings": 10.0,
      "final_equity": 3.4420668370840657,
      "cost_bps": 50.0,
      "topk": 10
    }
  }
}