{
  "score_topk": {
    "gross_mean_daily": 0.0034693252009958936,
    "net_mean_daily": 0.003234631323444873,
    "gross_sharpe": 0.7709482814172016,
    "net_sharpe": 0.7185613885226889,
    "net_sortino": 1.1233010367966907,
    "net_ann_return": 0.18058727116755424,
    "max_drawdown": -0.6037095812901452,
    "calmar": 0.2991293773760138,
    "avg_turnover": 0.15646258503401364,
    "median_turnover": 0.0,
    "avg_holdings": 5.0,
    "final_equity": 1.101684458643483
  },
  "equal_weight_all": {
    "ann_return": -0.267227725361171,
    "net_sharpe": -1.0034898859162722,
    "max_drawdown": -0.1969551647432548,
    "avg_turnover": 0.0,
    "n_days": 117
  },
  "random_topk_mean": {
    "gross_mean_daily": -0.0013880207175492626,
    "net_mean_daily": -0.004248143166528857,
    "gross_sharpe": -0.35094776802495536,
    "net_sharpe": -0.8811457415898041,
    "net_sortino": -1.2547103286477777,
    "net_ann_return": -0.7294599831708166,
    "max_drawdown": -0.7832193443678034,
    "calmar": -0.8942651594977261,
    "avg_turnover": 1.906748299319728,
    "median_turnover": 2.0,
    "avg_holdings": 5.0,
    "final_equity": 0.38924477887245523
  }
}