{
  "0.0": {
    "top5": {
      "gross_mean_daily": 0.0034693252009958936,
      "net_mean_daily": 0.0034693252009958936,
      "gross_sharpe": 0.7709482814172016,
      "net_sharpe": 0.7709482814172016,
      "net_sortino": 1.2065592617479601,
      "net_ann_return": 0.2532561016154107,
      "max_drawdown": -0.6011911655195512,
      "calmar": 0.42125719095709724,
      "avg_turnover": 0.15646258503401364,
      "median_turnover": 0.0,
      "avg_holdings": 5.0,
      "final_equity": 1.1407484819080245,
      "cost_bps": 0.0,
      "topk": 5
    },
    "top10": {
      "gross_mean_daily": 0.011912433221346427,
      "net_mean_daily": 0.011912433221346427,
      "gross_sharpe": 2.097576133984049,
      "net_sharpe": 2.097576133984049,
      "net_sortino": 3.925088334897736,
      "net_ann_return": 6.842389842299635,
      "max_drawdown": -0.6332543622418824,
      "calmar": 10.805120738631821,
      "avg_turnover": 0.13197278911564628,
      "median_turnover": 0.2,
      "avg_holdings": 10.0,
      "final_equity": 3.324769810974862,
      "cost_bps": 0.0,
      "topk": 10
    }
  },
  "5.0": {
    "top5": {
      "gross_mean_daily": 0.0034693252009958936,
      "net_mean_daily": 0.003391093908478887,
      "gross_sharpe": 0.7709482814172016,
      "net_sharpe": 0.7534839087993562,
      "net_sortino": 1.1787873203382413,
      "net_ann_return": 0.22855508320445272,
      "max_drawdown": -0.6020321873950918,
      "calmar": 0.37963930831173437,
      "avg_turnover": 0.15646258503401364,
      "median_turnover": 0.0,
      "avg_holdings": 5.0,
      "final_equity": 1.1275787153542036,
      "cost_bps": 5.0,
      "topk": 5
    },
    "top10": {
      "gross_mean_daily": 0.011912433221346427,
      "net_mean_daily": 0.011846446826788605,
      "gross_sharpe": 2.097576133984049,
      "net_sharpe": 2.0859372912929213,
      "net_sortino": 3.9017433036139786,
      "net_ann_return": 6.713081221932687,
      "max_drawdown": -0.6342505763125861,
      "calmar": 10.58427295557333,
      "avg_turnover": 0.13197278911564628,
      "median_turnover": 0.2,
      "avg_holdings": 10.0,
      "final_equity": 3.292680646958408,
      "cost_bps": 5.0,
      "topk": 10
    }
  },
  "10.0": {
    "top5": {
      "gross_mean_daily": 0.0034693252009958936,
      "net_mean_daily": 0.0033128626159618806,
      "gross_sharpe": 0.7709482814172016,
      "net_sharpe": 0.7360215716164377,
      "net_sortino": 1.1510344021273473,
      "net_ann_return": 0.20433522723252007,
      "max_drawdown": -0.6028716584954497,
      "calmar": 0.338936528783138,
      "avg_turnover": 0.15646258503401364,
      "median_turnover": 0.0,
      "avg_holdings": 5.0,
      "final_equity": 1.1145579245167163,
      "cost_bps": 10.0,
      "topk": 5
    },
    "top10": {
      "gross_mean_daily": 0.011912433221346427,
      "net_mean_daily": 0.011780460432230784,
      "gross_sharpe": 2.097576133984049,
      "net_sharpe": 2.074297228516342,
      "net_sortino": 3.878405525033674,
      "net_ann_return": 6.5858849627964355,
      "max_drawdown": -0.6352442668705223,
      "calmar": 10.367484298962475,
      "avg_turnover": 0.13197278911564628,
      "median_turnover": 0.2,
      "avg_holdings": 10.0,
      "final_equity": 3.2608962446515393,
      "cost_bps": 10.0,
      "topk": 10
    }
  },
  "15.0": {
    "top5": {
      "gross_mean_daily": 0.0034693252009958936,
      "net_mean_daily": 0.003234631323444873,
      "gross_sharpe": 0.7709482814172016,
      "net_sharpe": 0.7185613885226889,
      "net_sortino": 1.1233010367966907,
      "net_ann_return": 0.18058727116755424,
      "max_drawdown": -0.6037095812901452,
      "calmar": 0.2991293773760138,
      "avg_turnover": 0.15646258503401364,
      "median_turnover": 0.0,
      "avg_holdings": 5.0,
      "final_equity": 1.101684458643483,
      "cost_bps": 15.0,
      "topk": 5
    },
    "top10": {
      "gross_mean_daily": 0.011912433221346427,
      "net_mean_daily": 0.01171447403767296,
      "gross_sharpe": 2.097576133984049,
      "net_sharpe": 2.0626559699878193,
      "net_sortino": 3.855075219783124,
      "net_ann_return": 6.460766877730411,
      "max_drawdown": -0.6362354398526974,
      "calmar": 10.154679341999664,
      "avg_turnover": 0.13197278911564628,
      "median_turnover": 0.2,
      "avg_holdings": 10.0,
      "final_equity": 3.229413756009748,
      "cost_bps": 15.0,
      "topk": 10
    }
  },
  "25.0": {
    "top5": {
      "gross_mean_daily": 0.0034693252009958936,
      "net_mean_daily": 0.0030781687384108594,
      "gross_sharpe": 0.7709482814172016,
      "net_sharpe": 0.6836479586051849,
      "net_sortino": 1.0678950697530567,
      "net_ann_return": 0.1344708862798092,
      "max_drawdown": -0.6053807918239621,
      "calmar": 0.222126119783942,
      "avg_turnover": 0.15646258503401364,
      "median_turnover": 0.0,
      "avg_holdings": 5.0,
      "final_equity": 1.0763729881521562,
      "cost_bps": 25.0,
      "topk": 5
    },
    "top10": {
      "gross_mean_daily": 0.011912433221346427,
      "net_mean_daily": 0.01158250124855731,
      "gross_sharpe": 2.097576133984049,
      "net_sharpe": 2.0393699630384137,
      "net_sortino": 3.8084379078944006,
      "net_ann_return": 6.216631213234104,
      "max_drawdown": -0.6382102567732486,
      "calmar": 9.74072595551075,
      "avg_turnover": 0.13197278911564628,
      "median_turnover": 0.2,
      "avg_holdings": 10.0,
      "final_equity": 3.1673432582427874,
      "cost_bps": 25.0,
      "topk": 10
    }
  },
  "50.0": {
    "top5": {
      "gross_mean_daily": 0.0034693252009958936,
      "net_mean_daily": 0.0026870122758258248,
      "gross_sharpe": 0.7709482814172016,
      "net_sharpe": 0.5964103616868948,
      "net_sortino": 0.9297588672291804,
      "net_ann_return": 0.02682290206689464,
      "max_drawdown": -0.6095318950348229,
      "calmar": 0.044005739954458375,
      "avg_turnover": 0.15646258503401364,
      "median_turnover": 0.0,
      "avg_holdings": 5.0,
      "final_equity": 1.015560347379779,
      "cost_bps": 50.0,
      "topk": 5
    },
    "top10": {
      "gross_mean_daily": 0.011912433221346427,
      "net_mean_daily": 0.011252569275768197,
      "gross_sharpe": 2.097576133984049,
      "net_sharpe": 1.9811357244313754,
      "net_sortino": 3.691990704164448,
      "net_ann_return": 5.640370381575162,
      "max_drawdown": -0.643103654609764,
      "calmar": 8.770546304839417,
      "avg_turnover": 0.13197278911564628,
      "median_turnover": 0.2,
      "avg_holdings": 10.0,
      "final_equity": 3.0172561224696666,
      "cost_bps": 50.0,
      "topk": 10
    }
  }
}