{
    "valid_prediction_metrics": {
        "mse": 2.7354619242640075,
        "IC": 0.021405397092612112,
        "RIC": 0.04550640818798662,
        "ICIR": 0.1794474556445966,
        "RICIR": 0.3652775423442037,
        "prec_10": 0.5452380952380952
    },
    "valid_backtest": {
        "softmax": {
            "gross_mean_daily": 0.09220062808743153,
            "net_mean_daily": 0.09160998495908106,
            "gross_sharpe": 5.465152570695164,
            "net_sharpe": 5.433553610847484,
            "net_sortino": 19.618725865196147,
            "net_ann_return": 19870213.666156135,
            "max_drawdown": -0.806696120333021,
            "calmar": 24631596.91152186,
            "avg_turnover": 0.3937620855669842,
            "median_turnover": 0.1842595260009237,
            "avg_holdings": 78.41269841269842,
            "final_equity": 19870214.666156135
        },
        "top5": {
            "gross_mean_daily": 0.11799780077559148,
            "net_mean_daily": 0.11748708648987718,
            "gross_sharpe": 7.40246228153857,
            "net_sharpe": 7.371172462149109,
            "net_sortino": 46.22471360798226,
            "net_ann_return": 11739361720.488905,
            "max_drawdown": -0.23790040043592453,
            "calmar": 49345699708.48539,
            "avg_turnover": 0.3404761904761905,
            "median_turnover": 0.4,
            "avg_holdings": 5.0,
            "final_equity": 11739361721.488905
        },
        "top10": {
            "gross_mean_daily": 0.1394158500783147,
            "net_mean_daily": 0.13900632626879086,
            "gross_sharpe": 2.764236655605953,
            "net_sharpe": 2.7562191011477184,
            "net_sortino": 48.32145483079488,
            "net_ann_return": 2062462822.306862,
            "max_drawdown": -0.3538114598525507,
            "calmar": 5829270830.177618,
            "avg_turnover": 0.27301587301587305,
            "median_turnover": 0.2,
            "avg_holdings": 10.0,
            "final_equity": 2062462823.306862
        }
    },
    "test_prediction_metrics": {
        "mse": 3.2168367346938775,
        "IC": 0.003522477913079605,
        "RIC": 0.028286891791393487,
        "ICIR": 0.05182105524504078,
        "RICIR": 0.23497607026776263,
        "prec_10": 0.4789115646258504
    },
    "test_backtest": {
        "softmax": {
            "gross_mean_daily": 0.010718394786504536,
            "net_mean_daily": 0.010179947152870078,
            "gross_sharpe": 1.9412941698280646,
            "net_sharpe": 1.8440683033152856,
            "net_sortino": 3.185877871349335,
            "net_ann_return": 3.9913036293671187,
            "max_drawdown": -0.557712130198922,
            "calmar": 7.15656592933771,
            "avg_turnover": 0.35896508908963787,
            "median_turnover": 0.3286415245748258,
            "avg_holdings": 116.00680272108843,
            "final_equity": 2.5544152240731095
        },
        "top5": {
            "gross_mean_daily": 0.0034693252009958936,
            "net_mean_daily": 0.003234631323444873,
            "gross_sharpe": 0.7709482814172016,
            "net_sharpe": 0.7185613885226889,
            "net_sortino": 1.1233010367966907,
            "net_ann_return": 0.18058727116755424,
            "max_drawdown": -0.6037095812901452,
            "calmar": 0.2991293773760138,
            "avg_turnover": 0.15646258503401364,
            "median_turnover": 0.0,
            "avg_holdings": 5.0,
            "final_equity": 1.101684458643483
        },
        "top10": {
            "gross_mean_daily": 0.011912433221346427,
            "net_mean_daily": 0.01171447403767296,
            "gross_sharpe": 2.097576133984049,
            "net_sharpe": 2.0626559699878193,
            "net_sortino": 3.855075219783124,
            "net_ann_return": 6.460766877730411,
            "max_drawdown": -0.6362354398526974,
            "calmar": 10.154679341999664,
            "avg_turnover": 0.13197278911564628,
            "median_turnover": 0.2,
            "avg_holdings": 10.0,
            "final_equity": 3.229413756009748
        }
    }
}