{
  "score_topk": {
    "gross_mean_daily": 0.030787272908600904,
    "net_mean_daily": 0.029205640255539678,
    "gross_sharpe": 3.1517081784857437,
    "net_sharpe": 2.988687731178384,
    "net_sortino": 8.606905139021388,
    "net_ann_return": 158.85359418189262,
    "max_drawdown": -0.37776526625621065,
    "calmar": 420.5087348441752,
    "avg_turnover": 1.054421768707483,
    "median_turnover": 1.2,
    "avg_holdings": 5.0,
    "final_equity": 19.297663826311556
  },
  "equal_weight_all": {
    "ann_return": -0.267227725361171,
    "net_sharpe": -1.0034898859162722,
    "max_drawdown": -0.1969551647432548,
    "avg_turnover": 0.0,
    "n_days": 117
  },
  "random_topk_mean": {
    "gross_mean_daily": -0.0013880207175492626,
    "net_mean_daily": -0.004248143166528857,
    "gross_sharpe": -0.35094776802495536,
    "net_sharpe": -0.8811457415898041,
    "net_sortino": -1.2547103286477777,
    "net_ann_return": -0.7294599831708166,
    "max_drawdown": -0.7832193443678034,
    "calmar": -0.8942651594977261,
    "avg_turnover": 1.906748299319728,
    "median_turnover": 2.0,
    "avg_holdings": 5.0,
    "final_equity": 0.38924477887245523
  }
}