{
    "test_prediction_metrics": {
        "mse": 0.0003781068757815723,
        "IC": 0.019596421914409183,
        "RIC": 0.02887700942661589,
        "ICIR": 0.19838125531285902,
        "RICIR": 0.28140926790720966,
        "prec_10": 0.4864978902953586
    },
    "test_backtest": {
        "gross_mean_daily": -0.000578116820236071,
        "net_mean_daily": -0.0006684121788858594,
        "gross_sharpe": -0.5587888117444996,
        "net_sharpe": -0.646176187326216,
        "net_sortino": -0.9314482749968851,
        "net_ann_return": -0.18338610588228466,
        "max_drawdown": -0.2164734319443209,
        "calmar": -0.8471529472891908,
        "avg_turnover": 0.09029535864978903,
        "median_turnover": 0.0,
        "avg_holdings": 5.0,
        "final_equity": 0.8265209423825536
    }
}