{
  "0.0": {
    "top5": {
      "gross_mean_daily": 0.006008114467108099,
      "net_mean_daily": 0.006008114467108099,
      "gross_sharpe": 1.0000346929013078,
      "net_sharpe": 1.0000346929013078,
      "net_sortino": 1.9990974772477332,
      "net_ann_return": 0.6603627044899678,
      "max_drawdown": -0.5427337359587374,
      "calmar": 1.216734211891624,
      "avg_turnover": 0.09931972789115648,
      "median_turnover": 0.0,
      "avg_holdings": 5.0,
      "final_equity": 1.3441623673661167,
      "cost_bps": 0.0,
      "topk": 5
    },
    "top10": {
      "gross_mean_daily": 0.013670921131366032,
      "net_mean_daily": 0.013670921131366032,
      "gross_sharpe": 2.334991831546304,
      "net_sharpe": 2.334991831546304,
      "net_sortino": 4.615870881138473,
      "net_ann_return": 10.592577448124146,
      "max_drawdown": -0.4881692355866253,
      "calmar": 21.698576386882543,
      "avg_turnover": 0.09795918367346938,
      "median_turnover": 0.0,
      "avg_holdings": 10.0,
      "final_equity": 4.1761075055569306,
      "cost_bps": 0.0,
      "topk": 10
    }
  },
  "5.0": {
    "top5": {
      "gross_mean_daily": 0.006008114467108099,
      "net_mean_daily": 0.00595845460316252,
      "gross_sharpe": 1.0000346929013078,
      "net_sharpe": 0.9918331653913672,
      "net_sortino": 1.982379636369545,
      "net_ann_return": 0.6397681590439108,
      "max_drawdown": -0.5432748735384461,
      "calmar": 1.1776141143355465,
      "avg_turnover": 0.09931972789115648,
      "median_turnover": 0.0,
      "avg_holdings": 5.0,
      "final_equity": 1.3344114565821796,
      "cost_bps": 5.0,
      "topk": 5
    },
    "top10": {
      "gross_mean_daily": 0.013670921131366032,
      "net_mean_daily": 0.013621941539529293,
      "gross_sharpe": 2.334991831546304,
      "net_sharpe": 2.326881076530733,
      "net_sortino": 4.598699042032043,
      "net_ann_return": 10.45298435999411,
      "max_drawdown": -0.4885015024566197,
      "calmar": 21.39805979593884,
      "avg_turnover": 0.09795918367346938,
      "median_turnover": 0.0,
      "avg_holdings": 10.0,
      "final_equity": 4.146699421356237,
      "cost_bps": 5.0,
      "topk": 10
    }
  },
  "10.0": {
    "top5": {
      "gross_mean_daily": 0.006008114467108099,
      "net_mean_daily": 0.005908794739216943,
      "gross_sharpe": 1.0000346929013078,
      "net_sharpe": 0.9836295440363869,
      "net_sortino": 1.9656544381140946,
      "net_ann_return": 0.619423864215559,
      "max_drawdown": -0.5438154779324424,
      "calmar": 1.1390331635455404,
      "avg_turnover": 0.09931972789115648,
      "median_turnover": 0.0,
      "avg_holdings": 5.0,
      "final_equity": 1.3247288016996872,
      "cost_bps": 10.0,
      "topk": 5
    },
    "top10": {
      "gross_mean_daily": 0.013670921131366032,
      "net_mean_daily": 0.01357296194769256,
      "gross_sharpe": 2.334991831546304,
      "net_sharpe": 2.3187674620651424,
      "net_sortino": 4.581520692341519,
      "net_ann_return": 10.315053923265337,
      "max_drawdown": -0.48883359009808913,
      "calmar": 21.101360733362085,
      "avg_turnover": 0.09795918367346938,
      "median_turnover": 0.0,
      "avg_holdings": 10.0,
      "final_equity": 4.117494549872422,
      "cost_bps": 10.0,
      "topk": 10
    }
  },
  "15.0": {
    "top5": {
      "gross_mean_daily": 0.006008114467108099,
      "net_mean_daily": 0.005859134875271364,
      "gross_sharpe": 1.0000346929013078,
      "net_sharpe": 0.9754238540519697,
      "net_sortino": 1.9489221594766122,
      "net_ann_return": 0.5993268416798134,
      "max_drawdown": -0.5443555495606143,
      "calmar": 1.1009841677235939,
      "avg_turnover": 0.09931972789115648,
      "median_turnover": 0.0,
      "avg_holdings": 5.0,
      "final_equity": 1.315113941994317,
      "cost_bps": 15.0,
      "topk": 5
    },
    "top10": {
      "gross_mean_daily": 0.013670921131366032,
      "net_mean_daily": 0.013523982355855824,
      "gross_sharpe": 2.334991831546304,
      "net_sharpe": 2.310650998216387,
      "net_sortino": 4.564335966008493,
      "net_ann_return": 10.178766549007323,
      "max_drawdown": -0.4891654985881465,
      "calmar": 20.808431049133617,
      "avg_turnover": 0.09795918367346938,
      "median_turnover": 0.0,
      "avg_holdings": 10.0,
      "final_equity": 4.088491512995738,
      "cost_bps": 15.0,
      "topk": 10
    }
  },
  "25.0": {
    "top5": {
      "gross_mean_daily": 0.006008114467108099,
      "net_mean_daily": 0.005759815147380206,
      "gross_sharpe": 1.0000346929013078,
      "net_sharpe": 0.9590063692024519,
      "net_sortino": 1.9154374698535235,
      "net_ann_return": 0.5598628733325739,
      "max_drawdown": -0.5454340961977953,
      "calmar": 1.0264537498376702,
      "avg_turnover": 0.09931972789115648,
      "median_turnover": 0.0,
      "avg_holdings": 5.0,
      "final_equity": 1.2960857801814236,
      "cost_bps": 25.0,
      "topk": 5
    },
    "top10": {
      "gross_mean_daily": 0.013670921131366032,
      "net_mean_daily": 0.013426023172182352,
      "gross_sharpe": 2.334991831546304,
      "net_sharpe": 2.294409562730125,
      "net_sortino": 4.529947919308479,
      "net_ann_return": 9.91104377105029,
      "max_drawdown": -0.4898287784223535,
      "calmar": 20.233690235497527,
      "avg_turnover": 0.09795918367346938,
      "median_turnover": 0.0,
      "avg_holdings": 10.0,
      "final_equity": 4.03108547642839,
      "cost_bps": 25.0,
      "topk": 10
    }
  },
  "50.0": {
    "top5": {
      "gross_mean_daily": 0.006008114467108099,
      "net_mean_daily": 0.005511515827652316,
      "gross_sharpe": 1.0000346929013078,
      "net_sharpe": 0.917928226665965,
      "net_sortino": 1.8316212554571332,
      "net_ann_return": 0.46532831874991754,
      "max_drawdown": -0.5481211687332752,
      "calmar": 0.848951555409649,
      "avg_turnover": 0.09931972789115648,
      "median_turnover": 0.0,
      "avg_holdings": 5.0,
      "final_equity": 1.249670112734261,
      "cost_bps": 50.0,
      "topk": 5
    },
    "top10": {
      "gross_mean_daily": 0.013670921131366032,
      "net_mean_daily": 0.013181125212998683,
      "gross_sharpe": 2.334991831546304,
      "net_sharpe": 2.253756818070536,
      "net_sortino": 4.439563459985512,
      "net_ann_return": 9.269162494231551,
      "max_drawdown": -0.491483848251302,
      "calmar": 18.859546508379356,
      "avg_turnover": 0.09795918367346938,
      "median_turnover": 0.0,
      "avg_holdings": 10.0,
      "final_equity": 3.8910077738869537,
      "cost_bps": 50.0,
      "topk": 10
    }
  }
}