{
  "score_topk": {
    "gross_mean_daily": 0.00463180032093078,
    "net_mean_daily": 0.0031984669875974457,
    "gross_sharpe": 1.178536215035866,
    "net_sharpe": 0.8127996311442268,
    "net_sortino": 1.8108748026395831,
    "net_ann_return": 0.37672215420920474,
    "max_drawdown": -0.19093846832904016,
    "calmar": 1.9730029129490791,
    "avg_turnover": 0.9555555555555557,
    "median_turnover": 0.8,
    "avg_holdings": 5.0,
    "final_equity": 1.034847582395646
  },
  "equal_weight_all": {
    "ann_return": -0.7091877737818268,
    "net_sharpe": -2.979558901876468,
    "max_drawdown": -0.48354255673618873,
    "avg_turnover": 0.0,
    "n_days": 117
  },
  "random_topk_mean": {
    "gross_mean_daily": -0.004063612030010888,
    "net_mean_daily": -0.006886945363344224,
    "gross_sharpe": -1.534810745436892,
    "net_sharpe": -2.395419472635973,
    "net_sortino": -3.3572908548202878,
    "net_ann_return": -0.09842934441856802,
    "max_drawdown": -0.29620432183813306,
    "calmar": 1.4913111597288968,
    "avg_turnover": 1.8822222222222225,
    "median_turnover": 2.0,
    "avg_holdings": 5.0,
    "final_equity": 0.8140606254579484
  }
}