{
  "0.0": {
    "top5": {
      "gross_mean_daily": 0.014082208786577108,
      "net_mean_daily": 0.014082208786577108,
      "gross_sharpe": 2.012838821764796,
      "net_sharpe": 2.012838821764796,
      "net_sortino": 4.531704898638389,
      "net_ann_return": 8.02847300680529,
      "max_drawdown": -0.5072475002294687,
      "calmar": 15.827526016702972,
      "avg_turnover": 0.7170068027210885,
      "median_turnover": 0.8,
      "avg_holdings": 5.0,
      "final_equity": 3.609455378760524,
      "cost_bps": 0.0,
      "topk": 5
    },
    "top10": {
      "gross_mean_daily": 0.009338682984822783,
      "net_mean_daily": 0.009338682984822783,
      "gross_sharpe": 1.894312906002315,
      "net_sharpe": 1.894312906002315,
      "net_sortino": 2.977169701139857,
      "net_ann_return": 3.9114064534547532,
      "max_drawdown": -0.5223824638956969,
      "calmar": 7.487629703872006,
      "avg_turnover": 0.691156462585034,
      "median_turnover": 0.6,
      "avg_holdings": 10.0,
      "final_equity": 2.5304830230547,
      "cost_bps": 0.0,
      "topk": 10
    }
  },
  "5.0": {
    "top5": {
      "gross_mean_daily": 0.014082208786577108,
      "net_mean_daily": 0.01372370538521656,
      "gross_sharpe": 2.012838821764796,
      "net_sharpe": 1.96172162238679,
      "net_sortino": 4.414572117997795,
      "net_ann_return": 7.252168425071618,
      "max_drawdown": -0.5107563224680552,
      "calmar": 14.198881356991913,
      "avg_turnover": 0.7170068027210885,
      "median_turnover": 0.8,
      "avg_holdings": 5.0,
      "final_equity": 3.42503264494959,
      "cost_bps": 5.0,
      "topk": 5
    },
    "top10": {
      "gross_mean_daily": 0.009338682984822783,
      "net_mean_daily": 0.008993104753530264,
      "gross_sharpe": 1.894312906002315,
      "net_sharpe": 1.8238363155678243,
      "net_sortino": 2.864644620555829,
      "net_ann_return": 3.5013746548102427,
      "max_drawdown": -0.5259485220455635,
      "calmar": 6.657257332306482,
      "avg_turnover": 0.691156462585034,
      "median_turnover": 0.6,
      "avg_holdings": 10.0,
      "final_equity": 2.405016225812946,
      "cost_bps": 5.0,
      "topk": 10
    }
  },
  "10.0": {
    "top5": {
      "gross_mean_daily": 0.014082208786577108,
      "net_mean_daily": 0.013365201983856018,
      "gross_sharpe": 2.012838821764796,
      "net_sharpe": 1.9105884943861948,
      "net_sortino": 4.297438751777849,
      "net_ann_return": 6.542253413765731,
      "max_drawdown": -0.514242261385807,
      "calmar": 12.722123218971934,
      "avg_turnover": 0.7170068027210885,
      "median_turnover": 0.8,
      "avg_holdings": 5.0,
      "final_equity": 3.2499423222698134,
      "cost_bps": 10.0,
      "topk": 5
    },
    "top10": {
      "gross_mean_daily": 0.009338682984822783,
      "net_mean_daily": 0.008647526522237747,
      "gross_sharpe": 1.894312906002315,
      "net_sharpe": 1.7533732296683782,
      "net_sortino": 2.7522531821419243,
      "net_ann_return": 3.125391838044055,
      "max_drawdown": -0.5294900894775638,
      "calmar": 5.902644638961813,
      "avg_turnover": 0.691156462585034,
      "median_turnover": 0.6,
      "avg_holdings": 10.0,
      "final_equity": 2.28571126971632,
      "cost_bps": 10.0,
      "topk": 10
    }
  },
  "15.0": {
    "top5": {
      "gross_mean_daily": 0.014082208786577108,
      "net_mean_daily": 0.013006698582495474,
      "gross_sharpe": 2.012838821764796,
      "net_sharpe": 1.8594401873115387,
      "net_sortino": 4.160857736945439,
      "net_ann_return": 5.893081083488978,
      "max_drawdown": -0.5193707237043348,
      "calmar": 11.346579263163129,
      "avg_turnover": 0.7170068027210885,
      "median_turnover": 0.8,
      "avg_holdings": 5.0,
      "final_equity": 3.083716722058643,
      "cost_bps": 15.0,
      "topk": 5
    },
    "top10": {
      "gross_mean_daily": 0.009338682984822783,
      "net_mean_daily": 0.00830194829094523,
      "gross_sharpe": 1.894312906002315,
      "net_sharpe": 1.6829255364860418,
      "net_sortino": 2.6400014217100174,
      "net_ann_return": 2.7806457360503294,
      "max_drawdown": -0.5330073199653693,
      "calmar": 5.216899715797107,
      "avg_turnover": 0.691156462585034,
      "median_turnover": 0.6,
      "avg_holdings": 10.0,
      "final_equity": 2.1722684301616533,
      "cost_bps": 15.0,
      "topk": 10
    }
  },
  "25.0": {
    "top5": {
      "gross_mean_daily": 0.014082208786577108,
      "net_mean_daily": 0.012289691779774384,
      "gross_sharpe": 2.012838821764796,
      "net_sharpe": 1.7571010387105623,
      "net_sortino": 3.912899562739605,
      "net_ann_return": 4.756725201434394,
      "max_drawdown": -0.5306297541981408,
      "calmar": 8.964301688309087,
      "avg_turnover": 0.7170068027210885,
      "median_turnover": 0.8,
      "avg_holdings": 5.0,
      "final_equity": 2.7761038450534885,
      "cost_bps": 25.0,
      "topk": 5
    },
    "top10": {
      "gross_mean_daily": 0.009338682984822783,
      "net_mean_daily": 0.007610791828360196,
      "gross_sharpe": 1.894312906002315,
      "net_sharpe": 1.542083862063331,
      "net_sortino": 2.4011246620253264,
      "net_ann_return": 2.1747508742888373,
      "max_drawdown": -0.5399693808246848,
      "calmar": 4.027544804417159,
      "avg_turnover": 0.691156462585034,
      "median_turnover": 0.6,
      "avg_holdings": 10.0,
      "final_equity": 1.9618417085646913,
      "cost_bps": 25.0,
      "topk": 10
    }
  },
  "50.0": {
    "top5": {
      "gross_mean_daily": 0.014082208786577108,
      "net_mean_daily": 0.010497174772971662,
      "gross_sharpe": 2.012838821764796,
      "net_sharpe": 1.501040166439531,
      "net_sortino": 3.324725537574032,
      "net_ann_return": 2.666193131024872,
      "max_drawdown": -0.5577013535611549,
      "calmar": 4.780682553476588,
      "avg_turnover": 0.7170068027210885,
      "median_turnover": 0.8,
      "avg_holdings": 5.0,
      "final_equity": 2.133661960877375,
      "cost_bps": 50.0,
      "topk": 5
    },
    "top10": {
      "gross_mean_daily": 0.009338682984822783,
      "net_mean_daily": 0.005882900671897611,
      "gross_sharpe": 1.894312906002315,
      "net_sharpe": 1.1903804407928216,
      "net_sortino": 1.8439104364578214,
      "net_ann_return": 1.0498874093920612,
      "max_drawdown": -0.5569592329788656,
      "calmar": 1.8850345720546036,
      "avg_turnover": 0.691156462585034,
      "median_turnover": 0.6,
      "avg_holdings": 10.0,
      "final_equity": 1.5199962085498646,
      "cost_bps": 50.0,
      "topk": 10
    }
  }
}