{
  "0.0": {
    "top5": {
      "gross_mean_daily": 0.032693848435716155,
      "net_mean_daily": 0.032693848435716155,
      "gross_sharpe": 5.620676385838073,
      "net_sharpe": 5.620676385838073,
      "net_sortino": 16.348067379927397,
      "net_ann_return": 1293.588712447176,
      "max_drawdown": -0.1939768486035447,
      "calmar": 6668.778886517432,
      "avg_turnover": 1.3724137931034484,
      "median_turnover": 1.6,
      "avg_holdings": 5.0,
      "final_equity": 11.86933698891305,
      "cost_bps": 0.0,
      "topk": 5
    },
    "top10": {
      "gross_mean_daily": 0.021947408025888942,
      "net_mean_daily": 0.021947408025888942,
      "gross_sharpe": 4.988772298843278,
      "net_sharpe": 4.988772298843278,
      "net_sortino": 10.052705374816648,
      "net_ann_return": 132.21836108016652,
      "max_drawdown": -0.17376665965605387,
      "calmar": 760.8960277023962,
      "avg_turnover": 1.3195402298850574,
      "median_turnover": 1.4000000000000001,
      "avg_holdings": 10.0,
      "final_equity": 5.4135288853191295,
      "cost_bps": 0.0,
      "topk": 10
    }
  },
  "5.0": {
    "top5": {
      "gross_mean_daily": 0.032693848435716155,
      "net_mean_daily": 0.03200764153916443,
      "gross_sharpe": 5.620676385838073,
      "net_sharpe": 5.504324979537841,
      "net_sortino": 16.041275064212332,
      "net_ann_return": 1093.2714285788525,
      "max_drawdown": -0.19615270280805885,
      "calmar": 5573.573103619566,
      "avg_turnover": 1.3724137931034484,
      "median_turnover": 1.6,
      "avg_holdings": 5.0,
      "final_equity": 11.200096044019732,
      "cost_bps": 5.0,
      "topk": 5
    },
    "top10": {
      "gross_mean_daily": 0.021947408025888942,
      "net_mean_daily": 0.021287637910946414,
      "gross_sharpe": 4.988772298843278,
      "net_sharpe": 4.840630543693207,
      "net_sortino": 9.778846939048368,
      "net_ann_return": 112.17580480318722,
      "max_drawdown": -0.17616262843453812,
      "calmar": 636.7741319449879,
      "avg_turnover": 1.3195402298850574,
      "median_turnover": 1.4000000000000001,
      "avg_holdings": 10.0,
      "final_equity": 5.1172186969392,
      "cost_bps": 5.0,
      "topk": 10
    }
  },
  "10.0": {
    "top5": {
      "gross_mean_daily": 0.032693848435716155,
      "net_mean_daily": 0.0313214346426127,
      "gross_sharpe": 5.620676385838073,
      "net_sharpe": 5.387850210920864,
      "net_sortino": 15.731747186244663,
      "net_ann_return": 923.8266538609156,
      "max_drawdown": -0.19832416313285195,
      "calmar": 4658.16489157406,
      "avg_turnover": 1.3724137931034484,
      "median_turnover": 1.6,
      "avg_holdings": 5.0,
      "final_equity": 10.568102610289595,
      "cost_bps": 10.0,
      "topk": 5
    },
    "top10": {
      "gross_mean_daily": 0.021947408025888942,
      "net_mean_daily": 0.02062786779600389,
      "gross_sharpe": 4.988772298843278,
      "net_sharpe": 4.692311390684531,
      "net_sortino": 9.50295246425646,
      "net_ann_return": 95.13685016479343,
      "max_drawdown": -0.17855350304514084,
      "calmar": 532.8198469464286,
      "avg_turnover": 1.3195402298850574,
      "median_turnover": 1.4000000000000001,
      "avg_holdings": 10.0,
      "final_equity": 4.836922492659448,
      "cost_bps": 10.0,
      "topk": 10
    }
  },
  "15.0": {
    "top5": {
      "gross_mean_daily": 0.032693848435716155,
      "net_mean_daily": 0.030635227746060974,
      "gross_sharpe": 5.620676385838073,
      "net_sharpe": 5.271255485470987,
      "net_sortino": 15.419536293417531,
      "net_ann_return": 780.5154169626786,
      "max_drawdown": -0.20049123583715478,
      "calmar": 3893.015142032166,
      "avg_turnover": 1.3724137931034484,
      "median_turnover": 1.6,
      "avg_holdings": 5.0,
      "final_equity": 9.971310711623898,
      "cost_bps": 15.0,
      "topk": 5
    },
    "top10": {
      "gross_mean_daily": 0.021947408025888942,
      "net_mean_daily": 0.019968097681061357,
      "gross_sharpe": 4.988772298843278,
      "net_sharpe": 4.543820784247083,
      "net_sortino": 9.225039068252743,
      "net_ann_return": 80.653140364183,
      "max_drawdown": -0.18093929057944458,
      "calmar": 445.7469690825668,
      "avg_turnover": 1.3195402298850574,
      "median_turnover": 1.4000000000000001,
      "avg_holdings": 10.0,
      "final_equity": 4.571785853659368,
      "cost_bps": 15.0,
      "topk": 10
    }
  },
  "25.0": {
    "top5": {
      "gross_mean_daily": 0.032693848435716155,
      "net_mean_daily": 0.029262813952957527,
      "gross_sharpe": 5.620676385838073,
      "net_sharpe": 5.0377198692469145,
      "net_sortino": 14.78728963378968,
      "net_ann_return": 556.8499203328339,
      "max_drawdown": -0.20481224339332038,
      "calmar": 2718.8312139169498,
      "avg_turnover": 1.3724137931034484,
      "median_turnover": 1.6,
      "avg_holdings": 5.0,
      "final_equity": 8.875696170707426,
      "cost_bps": 25.0,
      "topk": 5
    },
    "top10": {
      "gross_mean_daily": 0.021947408025888942,
      "net_mean_daily": 0.018648557451176297,
      "gross_sharpe": 4.988772298843278,
      "net_sharpe": 4.2463491595994824,
      "net_sortino": 8.66323013233051,
      "net_ann_return": 57.88147393384994,
      "max_drawdown": -0.18569563276117018,
      "calmar": 311.7007819348217,
      "avg_turnover": 1.3195402298850574,
      "median_turnover": 1.4000000000000001,
      "avg_holdings": 10.0,
      "final_equity": 4.083796246358213,
      "cost_bps": 25.0,
      "topk": 10
    }
  },
  "50.0": {
    "top5": {
      "gross_mean_daily": 0.032693848435716155,
      "net_mean_daily": 0.0258317794701989,
      "gross_sharpe": 5.620676385838073,
      "net_sharpe": 4.452023069570181,
      "net_sortino": 12.647586113666966,
      "net_ann_return": 238.576240318571,
      "max_drawdown": -0.21553841599796675,
      "calmar": 1106.885003366243,
      "avg_turnover": 1.3724137931034484,
      "median_turnover": 1.6,
      "avg_holdings": 5.0,
      "final_equity": 6.629406142087372,
      "cost_bps": 50.0,
      "topk": 5
    },
    "top10": {
      "gross_mean_daily": 0.021947408025888942,
      "net_mean_daily": 0.015349706876463655,
      "gross_sharpe": 4.988772298843278,
      "net_sharpe": 3.5000921024956235,
      "net_sortino": 7.16825087673244,
      "net_ann_return": 24.94504449045267,
      "max_drawdown": -0.2103144769448395,
      "calmar": 118.60830910311778,
      "avg_turnover": 1.3195402298850574,
      "median_turnover": 1.4000000000000001,
      "avg_holdings": 10.0,
      "final_equity": 3.077410664346492,
      "cost_bps": 50.0,
      "topk": 10
    }
  }
}