{
  "score_topk": {
    "gross_mean_daily": 0.040328890564329596,
    "net_mean_daily": 0.03938751125398478,
    "gross_sharpe": 4.199430892311486,
    "net_sharpe": 4.102019648639903,
    "net_sortino": 16.64017265306673,
    "net_ann_return": 2351.731303350608,
    "max_drawdown": -0.3130919876722763,
    "calmar": 7511.31103937649,
    "avg_turnover": 0.6275862068965516,
    "median_turnover": 0.8,
    "avg_holdings": 5.0,
    "final_equity": 14.587981687397026
  },
  "equal_weight_all": {
    "ann_return": 1.293998446884073,
    "net_sharpe": 2.6561167110671615,
    "max_drawdown": -0.039148251077320895,
    "avg_turnover": 0.0,
    "n_days": 117
  },
  "random_topk_mean": {
    "gross_mean_daily": 0.0034693187935014047,
    "net_mean_daily": 0.0006129050003979552,
    "gross_sharpe": 0.5871090341709866,
    "net_sharpe": -0.03871398578191767,
    "net_sortino": 0.30145251500814313,
    "net_ann_return": 0.5792760128252719,
    "max_drawdown": -0.4983869714542305,
    "calmar": 1.7172028442211964,
    "avg_turnover": 1.9042758620689653,
    "median_turnover": 2.0,
    "avg_holdings": 5.0,
    "final_equity": 0.9335163435427719
  }
}