{
  "0.0": {
    "top5": {
      "gross_mean_daily": 0.014294723051439398,
      "net_mean_daily": 0.014294723051439398,
      "gross_sharpe": 1.984004057346958,
      "net_sharpe": 1.984004057346958,
      "net_sortino": 3.814700180490819,
      "net_ann_return": 7.074410919584208,
      "max_drawdown": -0.5498071256287481,
      "calmar": 12.867077543749893,
      "avg_turnover": 1.4598639455782312,
      "median_turnover": 1.6,
      "avg_holdings": 5.0,
      "final_equity": 3.3818005810275924,
      "cost_bps": 0.0,
      "topk": 5
    },
    "top10": {
      "gross_mean_daily": 0.009005850834832279,
      "net_mean_daily": 0.009005850834832279,
      "gross_sharpe": 1.5759833141748583,
      "net_sharpe": 1.5759833141748583,
      "net_sortino": 2.5245978335279076,
      "net_ann_return": 2.4413544957281537,
      "max_drawdown": -0.5935316023177009,
      "calmar": 4.1132679139420985,
      "avg_turnover": 1.3823129251700683,
      "median_turnover": 1.6,
      "avg_holdings": 10.0,
      "final_equity": 2.056326900413156,
      "cost_bps": 0.0,
      "topk": 10
    }
  },
  "5.0": {
    "top5": {
      "gross_mean_daily": 0.014294723051439398,
      "net_mean_daily": 0.013564791078650279,
      "gross_sharpe": 1.984004057346958,
      "net_sharpe": 1.882331824605478,
      "net_sortino": 3.615762213325234,
      "net_ann_return": 5.716847628305518,
      "max_drawdown": -0.5571242870473789,
      "calmar": 10.261350584073686,
      "avg_turnover": 1.4598639455782312,
      "median_turnover": 1.6,
      "avg_holdings": 5.0,
      "final_equity": 3.0374784557945933,
      "cost_bps": 5.0,
      "topk": 5
    },
    "top10": {
      "gross_mean_daily": 0.009005850834832279,
      "net_mean_daily": 0.008314694372247241,
      "gross_sharpe": 1.5759833141748583,
      "net_sharpe": 1.4545405282805888,
      "net_sortino": 2.330380557346759,
      "net_ann_return": 1.8895017953367823,
      "max_drawdown": -0.5997177127437943,
      "calmar": 3.1506519737242558,
      "avg_turnover": 1.3823129251700683,
      "median_turnover": 1.6,
      "avg_holdings": 10.0,
      "final_equity": 1.8570063909230416,
      "cost_bps": 5.0,
      "topk": 10
    }
  },
  "10.0": {
    "top5": {
      "gross_mean_daily": 0.014294723051439398,
      "net_mean_daily": 0.012834859105861164,
      "gross_sharpe": 1.984004057346958,
      "net_sharpe": 1.7806866315422916,
      "net_sortino": 3.421720364677314,
      "net_ann_return": 4.586641895971373,
      "max_drawdown": -0.5643290340395872,
      "calmar": 8.127602195355939,
      "avg_turnover": 1.4598639455782312,
      "median_turnover": 1.6,
      "avg_holdings": 5.0,
      "final_equity": 2.7279599276997843,
      "cost_bps": 10.0,
      "topk": 5
    },
    "top10": {
      "gross_mean_daily": 0.009005850834832279,
      "net_mean_daily": 0.007623537909662208,
      "gross_sharpe": 1.5759833141748583,
      "net_sharpe": 1.3331678807138545,
      "net_sortino": 2.1361905588623658,
      "net_ann_return": 1.4257970692666082,
      "max_drawdown": -0.6058147981865185,
      "calmar": 2.35351971185306,
      "avg_turnover": 1.3823129251700683,
      "median_turnover": 1.6,
      "avg_holdings": 10.0,
      "final_equity": 1.6768663088927778,
      "cost_bps": 10.0,
      "topk": 10
    }
  },
  "15.0": {
    "top5": {
      "gross_mean_daily": 0.014294723051439398,
      "net_mean_daily": 0.01210492713307205,
      "gross_sharpe": 1.984004057346958,
      "net_sharpe": 1.679070549889832,
      "net_sortino": 3.2275424719526344,
      "net_ann_return": 3.6458665459236057,
      "max_drawdown": -0.5714229946608212,
      "calmar": 6.3803287231751975,
      "avg_turnover": 1.4598639455782312,
      "median_turnover": 1.6,
      "avg_holdings": 5.0,
      "final_equity": 2.449752781196571,
      "cost_bps": 15.0,
      "topk": 5
    },
    "top10": {
      "gross_mean_daily": 0.009005850834832279,
      "net_mean_daily": 0.0069323814470771735,
      "gross_sharpe": 1.5759833141748583,
      "net_sharpe": 1.2118686450143417,
      "net_sortino": 1.941198868834249,
      "net_ann_return": 1.0362157671967624,
      "max_drawdown": -0.6118240671280277,
      "calmar": 1.6936498952373422,
      "avg_turnover": 1.3823129251700683,
      "median_turnover": 1.6,
      "avg_holdings": 10.0,
      "final_equity": 1.5140743926640556,
      "cost_bps": 15.0,
      "topk": 10
    }
  },
  "25.0": {
    "top5": {
      "gross_mean_daily": 0.014294723051439398,
      "net_mean_daily": 0.010645063187493819,
      "gross_sharpe": 1.984004057346958,
      "net_sharpe": 1.4759339859517007,
      "net_sortino": 2.838833475944554,
      "net_ann_return": 2.2113650697157494,
      "max_drawdown": -0.5852849584872942,
      "calmar": 3.7782708023581937,
      "avg_turnover": 1.4598639455782312,
      "median_turnover": 1.6,
      "avg_holdings": 5.0,
      "final_equity": 1.9750085475766468,
      "cost_bps": 25.0,
      "topk": 5
    },
    "top10": {
      "gross_mean_daily": 0.009005850834832279,
      "net_mean_daily": 0.005550068521907108,
      "gross_sharpe": 1.5759833141748583,
      "net_sharpe": 0.9695034378285295,
      "net_sortino": 1.5524602870145137,
      "net_ann_return": 0.4340870054692525,
      "max_drawdown": -0.6235839124619562,
      "calmar": 0.696116427626794,
      "avg_turnover": 1.3823129251700683,
      "median_turnover": 1.6,
      "avg_holdings": 10.0,
      "final_equity": 1.2340583890631431,
      "cost_bps": 25.0,
      "topk": 10
    }
  },
  "50.0": {
    "top5": {
      "gross_mean_daily": 0.014294723051439398,
      "net_mean_daily": 0.006995403323548238,
      "gross_sharpe": 1.984004057346958,
      "net_sharpe": 0.9687461651632591,
      "net_sortino": 1.8622486927838415,
      "net_ann_return": 0.27210417424002387,
      "max_drawdown": -0.6181108738821766,
      "calmar": 0.44021903793825146,
      "avg_turnover": 1.4598639455782312,
      "median_turnover": 1.6,
      "avg_holdings": 5.0,
      "final_equity": 1.1507250359272163,
      "cost_bps": 50.0,
      "topk": 5
    },
    "top10": {
      "gross_mean_daily": 0.009005850834832279,
      "net_mean_daily": 0.002094286208981935,
      "gross_sharpe": 1.5759833141748583,
      "net_sharpe": 0.3651016660768244,
      "net_sortino": 0.5837241362616788,
      "net_ann_return": -0.4045312547328245,
      "max_drawdown": -0.6515284056524189,
      "calmar": -0.6208958062651458,
      "avg_turnover": 1.3823129251700683,
      "median_turnover": 1.6,
      "avg_holdings": 10.0,
      "final_equity": 0.7390396398809428,
      "cost_bps": 50.0,
      "topk": 10
    }
  }
}