{
  "0.0": {
    "top5": {
      "gross_mean_daily": 0.0002636409767782657,
      "net_mean_daily": 0.0002636409767782657,
      "gross_sharpe": 0.05500752393761265,
      "net_sharpe": 0.05500752393761265,
      "net_sortino": 0.10212215064393527,
      "net_ann_return": -0.4809045623728885,
      "max_drawdown": -0.18918587357716776,
      "calmar": -2.5419686643473858,
      "avg_turnover": 0.037037037037037035,
      "median_turnover": 0.0,
      "avg_holdings": 5.0,
      "final_equity": 0.9321606648410479,
      "cost_bps": 0.0,
      "topk": 5
    },
    "top10": {
      "gross_mean_daily": 0.011910506091455183,
      "net_mean_daily": 0.011910506091455183,
      "gross_sharpe": 2.425010057414991,
      "net_sharpe": 2.425010057414991,
      "net_sortino": 6.407476802967777,
      "net_ann_return": 8.704635517515994,
      "max_drawdown": -0.1693760021252606,
      "calmar": 51.39237795344326,
      "avg_turnover": 0.11111111111111113,
      "median_turnover": 0.0,
      "avg_holdings": 10.0,
      "final_equity": 1.2756977059081671,
      "cost_bps": 0.0,
      "topk": 10
    }
  },
  "5.0": {
    "top5": {
      "gross_mean_daily": 0.0002636409767782657,
      "net_mean_daily": 0.00024512245825974717,
      "gross_sharpe": 0.05500752393761265,
      "net_sharpe": 0.051121926769665316,
      "net_sortino": 0.09480410968247721,
      "net_ann_return": -0.48369115074866675,
      "max_drawdown": -0.1891858735771682,
      "calmar": -2.5566980324713,
      "avg_turnover": 0.037037037037037035,
      "median_turnover": 0.0,
      "avg_holdings": 5.0,
      "final_equity": 0.9316232338855023,
      "cost_bps": 5.0,
      "topk": 5
    },
    "top10": {
      "gross_mean_daily": 0.011910506091455183,
      "net_mean_daily": 0.01185495053589963,
      "gross_sharpe": 2.425010057414991,
      "net_sharpe": 2.412652897254435,
      "net_sortino": 6.3658554116273205,
      "net_ann_return": 8.564139009111264,
      "max_drawdown": -0.16946706359046382,
      "calmar": 50.535713711054385,
      "avg_turnover": 0.11111111111111113,
      "median_turnover": 0.0,
      "avg_holdings": 10.0,
      "final_equity": 1.2737060198458086,
      "cost_bps": 5.0,
      "topk": 10
    }
  },
  "10.0": {
    "top5": {
      "gross_mean_daily": 0.0002636409767782657,
      "net_mean_daily": 0.00022660393974122863,
      "gross_sharpe": 0.05500752393761265,
      "net_sharpe": 0.04723957509732385,
      "net_sortino": 0.08750780504846221,
      "net_ann_return": -0.48646437531137066,
      "max_drawdown": -0.18918587357716876,
      "calmar": -2.571356762059567,
      "avg_turnover": 0.037037037037037035,
      "median_turnover": 0.0,
      "avg_holdings": 5.0,
      "final_equity": 0.9310858029299566,
      "cost_bps": 10.0,
      "topk": 5
    },
    "top10": {
      "gross_mean_daily": 0.011910506091455183,
      "net_mean_daily": 0.011799394980344073,
      "gross_sharpe": 2.425010057414991,
      "net_sharpe": 2.4003029989771862,
      "net_sortino": 6.324296403830051,
      "net_ann_return": 8.425640205579288,
      "max_drawdown": -0.16955812505566714,
      "calmar": 49.69175144372113,
      "avg_turnover": 0.11111111111111113,
      "median_turnover": 0.0,
      "avg_holdings": 10.0,
      "final_equity": 1.2717169185730766,
      "cost_bps": 10.0,
      "topk": 10
    }
  },
  "15.0": {
    "top5": {
      "gross_mean_daily": 0.0002636409767782657,
      "net_mean_daily": 0.00020808542122271008,
      "gross_sharpe": 0.05500752393761265,
      "net_sharpe": 0.04336048062805458,
      "net_sortino": 0.0802332782502717,
      "net_ann_return": -0.48922429249238664,
      "max_drawdown": -0.18918587357716898,
      "calmar": -2.5859451513976066,
      "avg_turnover": 0.037037037037037035,
      "median_turnover": 0.0,
      "avg_holdings": 5.0,
      "final_equity": 0.9305483719744119,
      "cost_bps": 15.0,
      "topk": 5
    },
    "top10": {
      "gross_mean_daily": 0.011910506091455183,
      "net_mean_daily": 0.011743839424788516,
      "gross_sharpe": 2.425010057414991,
      "net_sharpe": 2.3879604106974934,
      "net_sortino": 6.282801711823139,
      "net_ann_return": 8.289111205145197,
      "max_drawdown": -0.16964918652087013,
      "calmar": 48.86030623009569,
      "avg_turnover": 0.11111111111111113,
      "median_turnover": 0.0,
      "avg_holdings": 10.0,
      "final_equity": 1.2697303992260012,
      "cost_bps": 15.0,
      "topk": 10
    }
  },
  "25.0": {
    "top5": {
      "gross_mean_daily": 0.0002636409767782657,
      "net_mean_daily": 0.00017104838418567303,
      "gross_sharpe": 0.05500752393761265,
      "net_sharpe": 0.03561210976199707,
      "net_sortino": 0.06574971458455743,
      "net_ann_return": -0.4947044294059946,
      "max_drawdown": -0.18918587357716998,
      "calmar": -2.6149120970260338,
      "avg_turnover": 0.037037037037037035,
      "median_turnover": 0.0,
      "avg_holdings": 5.0,
      "final_equity": 0.9294735100633209,
      "cost_bps": 25.0,
      "topk": 5
    },
    "top10": {
      "gross_mean_daily": 0.011910506091455183,
      "net_mean_daily": 0.011632728313677405,
      "gross_sharpe": 2.425010057414991,
      "net_sharpe": 2.363297355428393,
      "net_sortino": 6.2000128402420405,
      "net_ann_return": 8.02185291553125,
      "max_drawdown": -0.16983130945127678,
      "calmar": 47.234240502546555,
      "avg_turnover": 0.11111111111111113,
      "median_turnover": 0.0,
      "avg_holdings": 10.0,
      "final_equity": 1.2657650948665538,
      "cost_bps": 25.0,
      "topk": 10
    }
  },
  "50.0": {
    "top5": {
      "gross_mean_daily": 0.0002636409767782657,
      "net_mean_daily": 7.845579159308034e-05,
      "gross_sharpe": 0.05500752393761265,
      "net_sharpe": 0.016298989061018364,
      "net_sortino": 0.029924457463534584,
      "net_ann_return": -0.5081758032259753,
      "max_drawdown": -0.1891858735771722,
      "calmar": -2.6861191780050926,
      "avg_turnover": 0.037037037037037035,
      "median_turnover": 0.0,
      "avg_holdings": 5.0,
      "final_equity": 0.9267863552855943,
      "cost_bps": 50.0,
      "topk": 5
    },
    "top10": {
      "gross_mean_daily": 0.011910506091455183,
      "net_mean_daily": 0.011354950535899626,
      "gross_sharpe": 2.425010057414991,
      "net_sharpe": 2.301770965513974,
      "net_sortino": 5.9942951394468125,
      "net_ann_return": 7.3862980506729805,
      "max_drawdown": -0.17028661677729318,
      "calmar": 43.37568148581908,
      "avg_turnover": 0.11111111111111113,
      "median_turnover": 0.0,
      "avg_holdings": 10.0,
      "final_equity": 1.2558968177127852,
      "cost_bps": 50.0,
      "topk": 10
    }
  }
}